{
    "calculator": {
        "default_type": "HP-45",
        "default_rom": "standard",
        "prompt_for_calc": true,
        "file": "hp1973_calcs.json"
    },
    "preferences": {
        "initial_map_active": true,
        "initial_list_mode": 1,
        "initial_list_scrollbar": false,
        "initial_keyboard_mode": 2,
        "initial_sci_view_mode": true,
        "prevent_sci_view_for_r0": false,
        "initial_base": 0,
        "initial_content_binary": false,
        "initial_zero_as_dot": true,
        "initial_update_mode": 0,
        "initial_theme": "1973",
        "initial_display_mode": 0,
        "initial_low_battery": false,
        "show_status_high_to_low": false,
        "show_roe_high_to_low": false,
        "list_height": 36,
        "short_list_height": 26,
        "keyloop_interval": 2,
        "keyloop_normal_bytes_per_interval": 7,
        "keyloop_timer_bytes_per_interval": 12,
        "always_loop_keywait": false,
        "timer_flicker_tweak": true,
        "help_file": "hp1973_help.json",
        "starting_help_page": "Introduction",
        "short_list": true
    },
    "format": {
        "calc_rom_select": {
            "width": 128
        },
        "display": {
            "segment_height": 14,
            "segment_width": 14,
            "segment_breadth": 2,
            "digit_separation": 22,
            "left": 4,
            "right": 4,
            "top": 5,
            "bottom": 14
        },
        "calc_info": {
            "font": "Menlo",
            "font_size": 15
        },
        "sim_info": {
            "font": "Menlo",
            "font_size": 15
        },
        "registers": {
            "font": "Menlo",
            "font_size": 15
        },
        "rom_details": {
            "font": "Menlo",
            "font_size": 13
        },
        "map": {
            "rom_height": 6,
            "rom_separator": 3,
            "byte_width": 3,
            "byte_separator": 2
        },
        "current_values": {
            "font": "Menlo",
            "font_size": 15
        },
        "list": {
            "font": "Menlo",
            "font_size": 12
        },
        "stepping_buttons": {
            "button_font": "Menlo",
            "button_font_size": 12,
            "button_width": 10,
            "shrink_list_by": 6

        },
        "keyboard": {
            "upper_label_font": "Menlo",
            "upper_label_font_size": 13,
            "button_font": "Menlo",
            "button_font_size": 15,
            "lower_label_font": "Menlo",
            "lower_label_font_size": 11,
            "title_font": "Menlo",
            "title_font_size": 15,
            "button_width": 4
        },
        "help": {
            "font": "Menlo",
            "font_size": 14,
            "button_font_size": 12,
            "height": 46,
            "height_with_button": 44,
            "button_width": 12
        }
    },
    "bindings": {
        "HP-80": {
            "n": {
                "bind_to": "n",
                "position": [0,0],
                "label": "n",
                "upper_text": "",
                "readable_key": "n",
                "width": 1
            },
            "i": {
                "bind_to": "i__ytm",
                "position": [0,1],
                "label": "i",
                "upper_text": "YTM",
                "readable_key": "i",
                "width": 1
            },
            "m": {
                "bind_to": "pmt__intr",
                "position": [0,2],
                "label": "PMT",
                "upper_text": "INTR",
                "readable_key": "m",
                "width": 1
            },
            "v": {
                "bind_to": "pv__bond",
                "position": [0,3],
                "label": "PV",
                "upper_text": "BOND",
                "readable_key": "v",
                "width": 1
            },
            "f": {
                "bind_to": "fv",
                "position": [0,4],
                "label": "FV",
                "upper_text": "",
                "readable_key": "f",
                "width": 1
            },
            "<apostrophe>": {
                "bind_to": "shift",
                "position": [1,0],
                "label": "shift",
                "upper_text": "",
                "readable_key": "'",
                "width": 1
            },
            "p": {
                "bind_to": "percent__delta_percent",
                "position": [1,1],
                "label": "%",
                "upper_text": "delta%",
                "readable_key": "p or %",
                "width": 1
            },
            "<percent>": {
                "bind_to": "percent__delta_percent",
                "position": [1,1],
                "label": "%",
                "upper_text": "delta%",
                "readable_key": "p or %",
                "width": 0
            },
            "t": {
                "bind_to": "tl",
                "position": [1,2],
                "label": "TL",
                "upper_text": "COMPUTE",
                "readable_key": "t",
                "width": 1
            },
            "s": {
                "bind_to": "sod",
                "position": [1,3],
                "label": "SOD",
                "upper_text": "COMPUTE",
                "readable_key": "s",
                "width": 1
            },
            "d": {
                "bind_to": "day__date",
                "position": [1,4],
                "label": "DAY",
                "upper_text": "DATE",
                "readable_key": "d",
                "width": 1
            },
            "a": {
                "bind_to": "swap_xy",
                "position": [2,0],
                "label": "x<->y",
                "upper_text": "",
                "readable_key": "a",
                "width": 1
            },
            "r": {
                "bind_to": "roll_down",
                "position": [2,1],
                "label": "Rdown",
                "upper_text": "",
                "readable_key": "r",
                "width": 1
            },
            "<bracketleft>": {
                "bind_to": "sto",
                "position": [2,2],
                "label": "STO",
                "upper_text": "",
                "readable_key": "[",
                "width": 1
            },
            "y": {
                "bind_to": "y_to_x__sqrt_x",
                "position": [2,3],
                "label": "y^x",
                "upper_text": "√x",
                "readable_key": "y",
                "width": 1
            },
            "b": {
                "bind_to": "to_sigma__xbar",
                "position": [2,4],
                "label": "xbar",
                "upper_text": "->sigma",
                "readable_key": "b",
                "width": 1
            },
            "<Return>": {
                "bind_to": "save",
                "position": [3,0],
                "label": "SAVE",
                "upper_text": "",
                "readable_key": "enter",
                "width": 2
            },
            "<bracketright>": {
                "bind_to": "rcl",
                "position": [3,2],
                "label": "RCL",
                "upper_text": "",
                "readable_key": "]",
                "width": 1
            },
            "z": {
                "bind_to": "chs",
                "position": [3,3],
                "label": "CHS",
                "upper_text": "",
                "readable_key": "z",
                "width": 1
            },
            "<semicolon>": {
                "bind_to": "clx__clear",
                "position": [3,4],
                "label": "CLx",
                "upper_text": "CLEAR",
                "readable_key": ";",
                "width": 1
            },
            "<minus>": {
                "bind_to": "-",
                "position": [4,1],
                "label": "-",
                "upper_text": "",
                "readable_key": "-",
                "width": 1
            },
            "7": {
                "bind_to": "7",
                "position": [4,2],
                "label": "7",
                "upper_text": "",
                "readable_key": "7",
                "width": 1
            },
            "8": {
                "bind_to": "8",
                "position": [4,3],
                "label": "8",
                "upper_text": "",
                "readable_key": "8",
                "width": 1
            },
            "9": {
                "bind_to": "9",
                "position": [4,4],
                "label": "9",
                "upper_text": "",
                "readable_key": "9",
                "width": 1
            },
            "<plus>": {
                "bind_to": "+",
                "position": [5,1],
                "label": "+",
                "upper_text": "",
                "readable_key": "+ or =",
                "width": 1
            },
            "<equal>": {
                "bind_to": "+",
                "position": [5,1],
                "label": "+",
                "upper_text": "",
                "readable_key": "+ or =",
                "width": 0
            },
            "4": {
                "bind_to": "4",
                "position": [5,2],
                "label": "4",
                "upper_text": "",
                "readable_key": "4",
                "width": 1
            },
            "5": {
                "bind_to": "5",
                "position": [5,3],
                "label": "5",
                "upper_text": "",
                "readable_key": "5",
                "width": 1
            },
            "6": {
                "bind_to": "6",
                "position": [5,4],
                "label": "6",
                "upper_text": "",
                "readable_key": "6",
                "width": 1
            },
            "<asterisk>": {
                "bind_to": "x",
                "position": [6,1],
                "label": "x",
                "upper_text": "",
                "readable_key": "x or *",
                "width": 0
            },
            "x": {
                "bind_to": "x",
                "position": [6,1],
                "label": "x",
                "upper_text": "",
                "readable_key": "x or *",
                "width": 1
            },
            "1": {
                "bind_to": "1",
                "position": [6,2],
                "label": "1",
                "upper_text": "",
                "readable_key": "1",
                "width": 1
            },
            "2": {
                "bind_to": "2",
                "position": [6,3],
                "label": "2",
                "upper_text": "",
                "readable_key": "2",
                "width": 1
            },
            "3": {
                "bind_to": "3",
                "position": [6,4],
                "label": "3",
                "upper_text": "",
                "readable_key": "3",
                "width": 1
            },
            "<slash>": {
                "bind_to": "/",
                "position": [7,1],
                "label": "÷",
                "upper_text": "",
                "readable_key": "/",
                "width": 1
            },
            "0": {
                "bind_to": "0",
                "position": [7,2],
                "label": "0",
                "upper_text": "",
                "readable_key": "0",
                "width": 1
            },
            "<period>": {
                "bind_to": ".",
                "position": [7,3],
                "label": ".",
                "upper_text": "",
                "readable_key": ".",
                "width": 1
            },
            "o": {
                "bind_to": "sigma+__sigma-",
                "position": [7,4],
                "label": "sigma+",
                "upper_text": "sigma-",
                "readable_key": "o",
                "width": 1
            }
        },
        "HP-45": {
            "<backslash>": {
                "bind_to": "1_over_x__y_to_x",
                "position": [0,0],
                "label": "1/x",
                "upper_text": "y^x",
                "readable_key": "\\",
                "width": 1
            },
            "l": {
                "bind_to": "ln__log",
                "position": [0,1],
                "label": "ln",
                "upper_text": "log",
                "readable_key": "l",
                "width": 1
            },
            "<asciicircum>": {
                "bind_to": "e_to_x__10_to_x",
                "position": [0,2],
                "label": "e^x",
                "upper_text": "10^x",
                "readable_key": "^",
                "width": 1
            },
            "f": {
                "bind_to": "fix__sci",
                "position": [0,3],
                "label": "FIX",
                "upper_text": "SCI",
                "readable_key": "f",
                "width": 1
            },
            "<apostrophe>": {
                "bind_to": "shift",
                "position": [0,4],
                "label": "shift",
                "upper_text": "",
                "readable_key": "'",
                "width": 1
            },
            "w": {
                "bind_to": "x_to_2__sqrt_x",
                "position": [1,0],
                "label": "x^2",
                "upper_text": "√x",
                "readable_key": "w",
                "width": 1
            },
            "p": {
                "bind_to": "to_P__to_R",
                "position": [1,1],
                "label": "->P",
                "upper_text": "->R",
                "readable_key": "p",
                "width": 1
            },
            "s": {
                "bind_to": "sin__asin",
                "position": [1,2],
                "label": "SIN",
                "upper_text": "aSIN",
                "readable_key": "s",
                "width": 1
            },
            "c": {
                "bind_to": "cos__acos",
                "position": [1,3],
                "label": "COS",
                "upper_text": "aCOS",
                "readable_key": "c",
                "width": 1
            },
            "t": {
                "bind_to": "tan__atan",
                "position": [1,4],
                "label": "TAN",
                "upper_text": "aTAN",
                "readable_key": "t",
                "width": 1
            },
            "a": {
                "bind_to": "swap_xy__factorial",
                "position": [2,0],
                "label": "x<->y",
                "upper_text": "n!",
                "readable_key": "a",
                "width": 1
            },
            "r": {
                "bind_to": "roll_down__mean_sd",
                "position": [2,1],
                "label": "Rdown",
                "upper_text": "xbar,s",
                "readable_key": "r",
                "width": 1
            },
            "<bracketleft>": {
                "bind_to": "sto__to_dms",
                "position": [2,2],
                "label": "STO",
                "upper_text": "->D.MS",
                "readable_key": "[",
                "width": 1
            },
            "<bracketright>": {
                "bind_to": "rcl__from_dms",
                "position": [2,3],
                "label": "RCL",
                "upper_text": "D.MS->",
                "readable_key": "]",
                "width": 1
            },
            "d": {
                "bind_to": "percent__delta_percent",
                "position": [2,4],
                "label": "%",
                "upper_text": "delta%",
                "readable_key": "d or %",
                "width": 1
            },
            "<percent>": {
                "bind_to": "percent__delta_percent",
                "position": [2,4],
                "label": "%",
                "upper_text": "delta%",
                "readable_key": "d or %",
                "width": 0
            },
            "<Return>": {
                "bind_to": "enter__deg",
                "position": [3,0],
                "label": "ENTER",
                "upper_text": "DEG",
                "readable_key": "enter",
                "width": 2
            },
            "z": {
                "bind_to": "chs__rad",
                "position": [3,2],
                "label": "CHS",
                "upper_text": "RAD",
                "readable_key": "z",
                "width": 1
            },
            "e": {
                "bind_to": "eex__grd",
                "position": [3,3],
                "label": "EEX",
                "upper_text": "GRD",
                "readable_key": "e",
                "width": 1
            },
            "<semicolon>": {
                "bind_to": "clx__clear",
                "position": [3,4],
                "label": "CLx",
                "upper_text": "CLEAR",
                "readable_key": ";",
                "width": 1
            },
            "<minus>": {
                "bind_to": "-",
                "position": [4,1],
                "label": "-",
                "upper_text": "",
                "readable_key": "-",
                "width": 1
            },
            "7": {
                "bind_to": "7__cm_in",
                "position": [4,2],
                "label": "7",
                "upper_text": "cm/in",
                "readable_key": "7",
                "width": 1
            },
            "8": {
                "bind_to": "8__kg_lb",
                "position": [4,3],
                "label": "8",
                "upper_text": "kg/lb",
                "readable_key": "8",
                "width": 1
            },
            "9": {
                "bind_to": "9__ltr_gal",
                "position": [4,4],
                "label": "9",
                "upper_text": "ltr/gal",
                "readable_key": "9",
                "width": 1
            },
            "<plus>": {
                "bind_to": "+",
                "position": [5,1],
                "label": "+",
                "upper_text": "",
                "readable_key": "+ or =",
                "width": 1
            },
            "<equal>": {
                "bind_to": "+",
                "position": [5,1],
                "label": "+",
                "upper_text": "",
                "readable_key": "+ or =",
                "width": 0
            },
            "4": {
                "bind_to": "4",
                "position": [5,2],
                "label": "4",
                "upper_text": "",
                "readable_key": "4",
                "width": 1
            },
            "5": {
                "bind_to": "5",
                "position": [5,3],
                "label": "5",
                "upper_text": "",
                "readable_key": "5",
                "width": 1
            },
            "6": {
                "bind_to": "6",
                "position": [5,4],
                "label": "6",
                "upper_text": "",
                "readable_key": "6",
                "width": 1
            },
            "<asterisk>": {
                "bind_to": "x",
                "position": [6,1],
                "label": "x",
                "upper_text": "",
                "readable_key": "x or *",
                "width": 0
            },
            "x": {
                "bind_to": "x",
                "position": [6,1],
                "label": "x",
                "upper_text": "",
                "readable_key": "x or *",
                "width": 1
            },
            "1": {
                "bind_to": "1",
                "position": [6,2],
                "label": "1",
                "upper_text": "",
                "readable_key": "1",
                "width": 1
            },
            "2": {
                "bind_to": "2",
                "position": [6,3],
                "label": "2",
                "upper_text": "",
                "readable_key": "2",
                "width": 1
            },
            "3": {
                "bind_to": "3",
                "position": [6,4],
                "label": "3",
                "upper_text": "",
                "readable_key": "3",
                "width": 1
            },
            "<slash>": {
                "bind_to": "/",
                "position": [7,1],
                "label": "÷",
                "upper_text": "",
                "readable_key": "/",
                "width": 1
            },
            "0": {
                "bind_to": "0__lastx",
                "position": [7,2],
                "label": "0",
                "upper_text": "LASTx",
                "readable_key": "0",
                "width": 1
            },
            "<period>": {
                "bind_to": ".__pi",
                "position": [7,3],
                "label": ".",
                "upper_text": "π",
                "readable_key": ".",
                "width": 1
            },
            "o": {
                "bind_to": "sigma+__sigma-",
                "position": [7,4],
                "label": "sigma+",
                "upper_text": "sigma-",
                "readable_key": "o",
                "width": 1
            },
            "<question>": {
                "bind_to": "timer",
                "position": [3,1],
                "label": "timer",
                "upper_text": "",
                "readable_key": "?",
                "width": 0
            }
        },
        "HP-35": {
            "q": {
                "bind_to": "x_to_y",
                "position": [0,0],
                "label": "",
                "upper_text": "x^y",
                "readable_key": "q",
                "width": 1
            },
            "k": {
                "bind_to": "log",
                "position": [0,1],
                "label": "",
                "upper_text": "log",
                "readable_key": "k",
                "width": 1
            },
            "l": {
                "bind_to": "ln",
                "position": [0,2],
                "label": "",
                "upper_text": "ln",
                "readable_key": "l",
                "width": 1
            },
            "<asciicircum>": {
                "bind_to": "e_to_x",
                "position": [0,3],
                "label": "",
                "upper_text": "e^x",
                "readable_key": "^",
                "width": 1
            },
            "p": {
                "bind_to": "clr",
                "position": [0,4],
                "label": "",
                "upper_text": "CLR",
                "readable_key": "p",
                "width": 1
            },
            "w": {
                "bind_to": "sqrt_x",
                "position": [1,0],
                "label": "",
                "upper_text": "√x",
                "readable_key": "w",
                "width": 1
            },
            "<apostrophe>": {
                "bind_to": "arc",
                "position": [1,1],
                "label": "",
                "upper_text": "arc",
                "readable_key": "'",
                "width": 1
            },
            "s": {
                "bind_to": "sin",
                "position": [1,2],
                "label": "",
                "upper_text": "sin",
                "readable_key": "s",
                "width": 1
            },
            "c": {
                "bind_to": "cos",
                "position": [1,3],
                "label": "",
                "upper_text": "cos",
                "readable_key": "c",
                "width": 1
            },
            "t": {
                "bind_to": "tan",
                "position": [1,4],
                "label": "",
                "upper_text": "tan",
                "readable_key": "t",
                "width": 1
            },
            "<backslash>": {
                "bind_to": "1_over_x",
                "position": [2,0],
                "label": "",
                "upper_text": "1/x",
                "readable_key": "\\",
                "width": 1
            },
            "a": {
                "bind_to": "swap_xy",
                "position": [2,1],
                "label": "",
                "upper_text": "x<->y",
                "readable_key": "a",
                "width": 1
            },
            "r": {
                "bind_to": "roll_down",
                "position": [2,2],
                "label": "",
                "upper_text": "Rdown",
                "readable_key": "r",
                "width": 1
            },
            "<bracketleft>": {
                "bind_to": "sto",
                "position": [2,3],
                "label": "",
                "upper_text": "STO",
                "readable_key": "[",
                "width": 1
            },
            "<bracketright>": {
                "bind_to": "rcl",
                "position": [2,4],
                "label": "",
                "upper_text": "RCL",
                "readable_key": "]",
                "width": 1
            },
            "<Return>": {
                "bind_to": "enter",
                "position": [3,0],
                "label": "ENTER",
                "upper_text": "",
                "readable_key": "enter",
                "width": 2
            },
            "z": {
                "bind_to": "chs",
                "position": [3,2],
                "label": "",
                "upper_text": "CH S",
                "readable_key": "z",
                "width": 1
            },
            "e": {
                "bind_to": "eex",
                "position": [3,3],
                "label": "",
                "upper_text": "E EX",
                "readable_key": "e",
                "width": 1
            },
            "<semicolon>": {
                "bind_to": "clx",
                "position": [3,4],
                "label": "",
                "upper_text": "CL x",
                "readable_key": ";",
                "width": 1
            },
            "<minus>": {
                "bind_to": "-",
                "position": [4,1],
                "label": "-",
                "upper_text": "",
                "readable_key": "-",
                "width": 1
            },
            "7": {
                "bind_to": "7",
                "position": [4,2],
                "label": "7",
                "upper_text": "",
                "readable_key": "7",
                "width": 1
            },
            "8": {
                "bind_to": "8",
                "position": [4,3],
                "label": "8",
                "upper_text": "",
                "readable_key": "8",
                "width": 1
            },
            "9": {
                "bind_to": "9",
                "position": [4,4],
                "label": "9",
                "upper_text": "",
                "readable_key": "9",
                "width": 1
            },
            "<plus>": {
                "bind_to": "+",
                "position": [5,1],
                "label": "+",
                "upper_text": "",
                "readable_key": "+ or =",
                "width": 1
            },
            "<equal>": {
                "bind_to": "+",
                "position": [5,1],
                "label": "+",
                "upper_text": "",
                "readable_key": "+ or =",
                "width": 0
            },
            "4": {
                "bind_to": "4",
                "position": [5,2],
                "label": "4",
                "upper_text": "",
                "readable_key": "4",
                "width": 1
            },
            "5": {
                "bind_to": "5",
                "position": [5,3],
                "label": "5",
                "upper_text": "",
                "readable_key": "5",
                "width": 1
            },
            "6": {
                "bind_to": "6",
                "position": [5,4],
                "label": "6",
                "upper_text": "",
                "readable_key": "6",
                "width": 1
            },
            "<asterisk>": {
                "bind_to": "x",
                "position": [6,1],
                "label": "x",
                "upper_text": "",
                "readable_key": "x or *",
                "width": 0
            },
            "x": {
                "bind_to": "x",
                "position": [6,1],
                "label": "x",
                "upper_text": "",
                "readable_key": "x or *",
                "width": 1
            },
            "1": {
                "bind_to": "1",
                "position": [6,2],
                "label": "1",
                "upper_text": "",
                "readable_key": "1",
                "width": 1
            },
            "2": {
                "bind_to": "2",
                "position": [6,3],
                "label": "2",
                "upper_text": "",
                "readable_key": "2",
                "width": 1
            },
            "3": {
                "bind_to": "3",
                "position": [6,4],
                "label": "3",
                "upper_text": "",
                "readable_key": "3",
                "width": 1
            },
            "<slash>": {
                "bind_to": "/",
                "position": [7,1],
                "label": "÷",
                "upper_text": "",
                "readable_key": "/",
                "width": 1
            },
            "0": {
                "bind_to": "0",
                "position": [7,2],
                "label": "0",
                "upper_text": "",
                "readable_key": "0",
                "width": 1
            },
            "<period>": {
                "bind_to": ".",
                "position": [7,3],
                "label": ".",
                "upper_text": "",
                "readable_key": ".",
                "width": 1
            },
            "<comma>": {
                "bind_to": "pi",
                "position": [7,4],
                "label": "π",
                "upper_text": "",
                "readable_key": ",",
                "width": 1
            }
        },
        "sim": {
            "L": 200,
            "R": 201,
            "U": 202,
            "F": 203,
            "Q": 204,
            "B": 205,
            "T": 206,
            "H": 207,
            "K": 208,
            "S": 209,
            "P": 210,
            "Z": 211,
            "C": 212,
            "I": 213,
            "D": 214,
            "Y": 215
        }
    },
    "menus": {
        "apple": {
            "About": "I"
        },
        "Help": {
            "Help": "H"
        }
    },
    "themes": {
        "1973": {
            "window_background": "hp_black",
            "display_frame_background": "hp_black",
            "display_font": "hp_red",
            "display_font_dark": "1973_dark_red",
            "status_ready": "1973_bright_green",
            "status_waiting": "hp_orange",
            "status_working": "hp_red",
            "calc_info_font": "hp_red",
            "stack_info_background": "hp_black",
            "stack_info_font": "hp_red",
            "lastx_info_disabled": "1973_dark_red",
            "working_background": "hp_black",
            "working_font": "hp_orange",
            "sto_info_background": "hp_black",
            "sto_info_font": "hp_orange",
            "sto_info_disabled": "1973_dark_orange",
            "int_info_background": "hp_black",
            "int_info_font": "hp_orange",
            "sim_info_label_font": "hp_blue",
            "sim_info_label_disabled": "1973_dark_blue",
            "sim_info_on_font": "1973_bright_green",
            "sim_info_off_font": "1973_dark_red",
            "sim_info_options_font": "hp_orange",
            "rom_details_background": "hp_black",
            "rom_details_font": "hp_white",
            "rom_details_font_bugged": "hp_red",
            "map_background": "hp_black",
            "map_rom_background": ["1973_dark_red","1973_dark_brown",
                                    "1973_dark_orange", "1973_dark_yellow",
                                    "1973_dark_olive", "1973_dark_green",
                                    "1973_dark_blue", "1973_dark_purple"],
            "map_rom": ["hp_red", "1973_brown", "hp_orange", "1973_yellow",
                                    "1973_olive", "1973_green", "hp_blue",
                                    "1973_purple"],
            "rom_keycode_byte": "hp_white",
            "rom_start_byte": "hp_black",
            "list_title_background": "hp_blue",
            "list_title_font": "1973_very_dark_brown",
            "list_background": "1973_very_dark_brown",
            "list_font": "hp_grey",
            "list_select":"hp_blue",
            "list_select_font": "1973_very_dark_brown",
            "current_text_background": "hp_black",
            "current_text_font": "hp_orange",
            "current_text_disabled": "1973_dark_orange",
            "stepping_label_background": "1973_very_dark_brown",
            "stepping_label_font": "hp_white",
            "keyboard_border": "1973_olive",
            "keyboard_background": "1973_very_dark_brown",
            "keyboard_upper_label_font": "1973_yellow",
            "keyboard_lower_label_font": "hp_white"
        },
        "litmus": {
            "window_background": "black",
            "display_frame_background": "black",
            "display_font": "litmus_pink",
            "display_font_dark": "litmus_dark_pink",
            "status_ready": "litmus_brighter_green",
            "status_waiting": "litmus_yellow",
            "status_working": "litmus_red",
            "calc_info_font": "litmus_pink",
            "stack_info_background": "black",
            "stack_info_font": "litmus_pink",
            "lastx_info_disabled": "litmus_dark_pink",
            "working_background": "black",
            "working_font": "litmus_blue",
            "sto_info_background": "black",
            "sto_info_font": "litmus_blue",
            "sto_info_disabled": "litmus_dark_blue",
            "int_info_background": "black",
            "int_info_font": "litmus_blue",
            "sim_info_label_font": "litmus_white",
            "sim_info_label_disabled": "#444",
            "sim_info_on_font": "litmus_pink",
            "sim_info_off_font": "litmus_dark_blue",
            "sim_info_options_font": "litmus_blue",
            "rom_details_background": "litmus_black",
            "rom_details_font": "litmus_yellow",
            "rom_details_font_bugged": "litmus_red",
            "map_background": "black",
            "map_rom_background": ["litmus_dark_red", "litmus_dark_orange", 
                                    "litmus_dark_yellow", "litmus_dark_green",
                                    "litmus_dark_indigo", "litmus_dark_violet",
                                    "litmus_dark_pink", "litmus_dark_blue"],
            "map_rom": ["litmus_red", "litmus_orange", 
                                    "litmus_yellow", "litmus_brighter_green",
                                    "litmus_brighter_indigo", "litmus_brighter_violet",
                                    "litmus_pink", "litmus_blue"],
            "rom_keycode_byte": "white",
            "rom_start_byte": "litmus_black",
            "list_title_background": "litmus_dark_brown",
            "list_title_font": "litmus_white",
            "list_background": "litmus_black",
            "list_font": "litmus_white",
            "list_select":"litmus_dark_violet",
            "list_select_font": "litmus_white",
            "current_text_background": "litmus_black",
            "current_text_font": "litmus_blue",
            "current_text_disabled": "litmus_dark_blue",
            "stepping_label_background": "black",
            "stepping_label_font": "litmus_white",
            "keyboard_border": "litmus_brighter_indigo",
            "keyboard_background": "litmus_black",
            "keyboard_upper_label_font": "litmus_pink",
            "keyboard_lower_label_font": "litmus_blue"
        },   
        "V'GER": {
            "window_background": "black",
            "display_frame_background": "black",
            "display_font": "bright_red",
            "display_font_dark": "#400",
            "calc_info_font": "bright_red",
            "status_ready": "bright_green",
            "status_waiting": "amber",
            "status_working": "bright_red",
            "stack_info_background": "black",
            "stack_info_font": "bright_red",
            "lastx_info_disabled": "#400",
            "working_background": "black",
            "working_font": "bright_green",
            "sto_info_background": "black",
            "sto_info_font": "bright_green",
            "sto_info_disabled": "#040",
            "int_info_background": "black",
            "int_info_font": "bright_green",
            "sim_info_label_font": "white",
            "sim_info_label_disabled": "#444",
            "sim_info_on_font": "bright_green",
            "sim_info_off_font": "bright_red",
            "sim_info_options_font": "amber",
            "rom_details_background": "black",
            "rom_details_font": "bright_white",
            "rom_details_font_bugged": "bright_red",
            "map_background": "black",
            "map_rom_background": ["#400","#420","#440","#040",
                                "#044","#114","#404","#424"],
            "map_rom": ["#f00", "#f80", "#ff0", "#0f0",
                                "#0ff", "#44f", "#f0f", "#f8f"],
            "rom_keycode_byte": "white",
            "rom_start_byte": "black",
            "list_title_background": "white",
            "list_title_font": "black",
            "list_background": "black",
            "list_font": "bright_white",
            "list_select":"white",
            "list_select_font": "black",
            "current_text_background": "black",
            "current_text_font": "bright_green",
            "current_text_disabled": "#040",
            "stepping_label_background": "black",
            "stepping_label_font": "white",
            "keyboard_border": "#44f",
            "keyboard_background": "black",
            "keyboard_upper_label_font": "amber",
            "keyboard_lower_label_font": "white"
        },
        "WOPR": {
            "window_background": "wopr_dark_grey",
            "display_frame_background": "wopr_dark_grey",
            "display_font": "vt100_white",
            "display_font_dark": "vt100_dark_white",
            "status_ready": "vt100_white",
            "status_waiting": "vt100_dark_white",
            "status_working": "amber",
            "calc_info_font": "vt100_white",
            "stack_info_background": "wopr_dark_grey",
            "stack_info_font": "vt100_white",
            "lastx_info_disabled": "vt100_dark_white",
            "working_background": "wopr_dark_grey",
            "working_font": "vt100_white",
            "sto_info_background": "wopr_dark_grey",
            "sto_info_font": "vt100_white",
            "sto_info_disabled": "vt100_dark_white",
            "int_info_background": "wopr_dark_grey",
            "int_info_font": "vt100_white",
            "sim_info_label_font": "vt100_white",
            "sim_info_label_disabled": "vt100_dark_white",
            "sim_info_on_font": "vt100_white",
            "sim_info_off_font": "vt100_dark_white",
            "sim_info_options_font": "vt100_white",
            "rom_details_background": "wopr_dark_grey",
            "rom_details_font": "vt100_white",
            "rom_details_font_bugged": "hp_red",
            "map_background": "wopr_dark_grey",
            "map_rom_background": ["1973_dark_red","1973_dark_red",
                                    "1973_dark_red", "1973_dark_red",
                                    "1973_dark_red", "1973_dark_red",
                                    "1973_dark_red", "1973_dark_red"],
            "map_rom": ["amber", "amber", "amber", "amber",
                                    "amber", "amber", "amber",
                                    "amber"],
            "rom_keycode_byte": "vt100_white",
            "rom_start_byte": "wopr_dark_grey",
            "list_title_background": "wopr_light_grey",
            "list_title_font": "wopr_dark_grey",
            "list_background": "wopr_dark_grey",
            "list_font": "vt100_white",
            "list_select": "wopr_light_grey",
            "list_select_font": "wopr_dark_grey",
            "current_text_background": "wopr_dark_grey",
            "current_text_font": "vt100_white",
            "current_text_disabled": "vt100_dark_white",
            "stepping_label_background": "wopr_very_dark_grey",
            "stepping_label_font": "vt100_white",
            "keyboard_border": "vt100_white",
            "keyboard_background": "wopr_dark_grey",
            "keyboard_upper_label_font": "vt100_white",
            "keyboard_lower_label_font": "wopr_light_grey"
        },  
        "TRS-80": {
            "window_background": "phosphor_black",
            "display_frame_background": "phosphor_black",
            "display_font": "bright_green",
            "display_font_dark": "dark_green",
            "status_ready": "bright_green",
            "status_waiting": "green",
            "status_working": "dark_green",
            "calc_info_font": "bright_green",
            "stack_info_background": "phosphor_black",
            "stack_info_font": "bright_green",
            "lastx_info_disabled": "dark_green",
            "working_background": "phosphor_black",
            "working_font": "bright_green",
            "sto_info_background": "phosphor_black",
            "sto_info_font": "bright_green",
            "sto_info_disabled": "dark_green",
            "int_info_background": "phosphor_black",
            "int_info_font": "bright_green",
            "sim_info_label_font": "bright_green",
            "sim_info_label_disabled": "dark_green",
            "sim_info_on_font": "bright_green",
            "sim_info_off_font": "green",
            "sim_info_options_font": "bright_green",
            "rom_details_background": "phosphor_black",
            "rom_details_font": "bright_green",
            "rom_details_font_bugged": "dark_green",
            "map_background": "phosphor_black",
            "map_rom_background": ["very_dark_green","very_dark_green",
                                "very_dark_green","very_dark_green",
                                "very_dark_green","very_dark_green",
                                "very_dark_green","very_dark_green"],
            "map_rom": ["#0f0", "#0f0", "#0f0", "#0f0",
                                "#0f0", "#0f0", "#0f0", "#0f0"],
            "rom_keycode_byte": "phosphor_black",
            "rom_start_byte": "phosphor_black",
            "list_title_background": "green",
            "list_title_font": "phosphor_black",
            "list_background": "phosphor_black",
            "list_font": "bright_green",
            "list_select":"green",
            "list_select_font": "phosphor_black",
            "current_text_background": "phosphor_black",
            "current_text_font": "bright_green",
            "current_text_disabled": "dark_green",
            "stepping_label_background": "phosphor_black",
            "stepping_label_font": "green",
            "keyboard_border": "bright_green",
            "keyboard_background": "phosphor_black",
            "keyboard_upper_label_font": "bright_green",
            "keyboard_lower_label_font": "green"
        },
        "amber": {
            "window_background": "amber_black",
            "display_frame_background": "amber_black",
            "display_font": "amber",
            "display_font_dark": "dark_amber",
            "status_ready": "amber",
            "status_waiting": "dark_amber",
            "status_working": "very_dark_amber",
            "calc_info_font": "amber",
            "stack_info_background": "amber_black",
            "stack_info_font": "amber",
            "lastx_info_disabled": "dark_amber",
            "working_background": "amber_black",
            "working_font": "amber",
            "sto_info_background": "amber_black",
            "sto_info_font": "amber",
            "sto_info_disabled": "dark_amber",
            "int_info_background": "amber_black",
            "int_info_font": "amber",
            "sim_info_label_font": "amber",
            "sim_info_label_disabled": "dark_amber",
            "sim_info_on_font": "amber",
            "sim_info_off_font": "dark_amber",
            "sim_info_options_font": "amber",
            "rom_details_background": "amber_black",
            "rom_details_font": "amber",
            "rom_details_font_bugged": "dark_amber",
            "map_background": "amber_black",
            "map_rom_background": ["very_dark_amber","very_dark_amber",
                                "very_dark_amber","very_dark_amber",
                                "very_dark_amber","very_dark_amber",
                                "very_dark_amber","very_dark_amber"],
            "map_rom": ["amber", "amber", "amber", "amber",
                                "amber", "amber", "amber", "amber"],
            "rom_keycode_byte": "amber_black",
            "rom_start_byte": "amber_black",
            "list_title_background": "amber",
            "list_title_font": "amber_black",
            "list_background": "amber_black",
            "list_font": "amber",
            "list_select":"amber",
            "list_select_font": "amber_black",
            "current_text_background": "amber_black",
            "current_text_font": "amber",
            "current_text_disabled": "dark_amber",
            "stepping_label_background": "amber_black",
            "stepping_label_font": "amber",
            "keyboard_border": "amber",
            "keyboard_background": "amber_black",
            "keyboard_upper_label_font": "amber",
            "keyboard_lower_label_font": "dark_amber"
        },
        "VT100": {
            "window_background": "vt100_black",
            "display_frame_background": "vt100_black",
            "display_font": "vt100_white",
            "display_font_dark": "vt100_dark_white",
            "status_ready": "vt100_white",
            "status_waiting": "vt100_dark_white",
            "status_working": "vt100_very_dark_white",
            "calc_info_font": "vt100_white",
            "stack_info_background": "vt100_black",
            "stack_info_font": "vt100_white",
            "lastx_info_disabled": "vt100_dark_white",
            "working_background": "vt100_black",
            "working_font": "vt100_white",
            "sto_info_background": "vt100_black",
            "sto_info_font": "vt100_white",
            "sto_info_disabled": "vt100_dark_white",
            "int_info_background": "vt100_black",
            "int_info_font": "vt100_white",
            "sim_info_label_font": "vt100_white",
            "sim_info_label_disabled": "vt100_dark_white",
            "sim_info_on_font": "vt100_white",
            "sim_info_off_font": "vt100_dark_white",
            "sim_info_options_font": "vt100_white",
            "rom_details_background": "vt100_black",
            "rom_details_font": "vt100_white",
            "rom_details_font_bugged": "vt100_dark_white",
            "map_background": "vt100_black",
            "map_rom_background": ["vt100_very_dark_white", "vt100_very_dark_white",
                                "vt100_very_dark_white", "vt100_very_dark_white",
                                "vt100_very_dark_white","vt100_very_dark_white",
                                "vt100_very_dark_white","vt100_very_dark_white"],
            "map_rom": ["vt100_white", "vt100_white", "vt100_white", "vt100_white",
                                "vt100_white", "vt100_white", "vt100_white", "vt100_white"],
            "rom_keycode_byte": "vt100_black",
            "rom_start_byte": "vt100_black",
            "list_title_background": "vt100_white",
            "list_title_font": "vt100_black",
            "list_background": "vt100_black",
            "list_font": "vt100_white",
            "list_select":"vt100_white",
            "list_select_font": "vt100_black",
            "current_text_background": "vt100_black",
            "current_text_font": "vt100_white",
            "current_text_disabled": "vt100_dark_white",
            "stepping_label_background": "vt100_black",
            "stepping_label_font": "vt100_white",
            "keyboard_border": "vt100_white",
            "keyboard_background": "vt100_black",
            "keyboard_upper_label_font": "vt100_white",
            "keyboard_lower_label_font": "vt100_dark_white"
        }
    },
    "colour_dictionary": {
        "dark_red":"#900",
        "bright_red":"#f11",
        "red":"#e00",
        "dark_green":"#090",
        "bright_green":"#0f0",
        "green":"#0c0",
        "very_dark_green":"#040",
        "dark_white":"#999",
        "bright_white":"#fff",
        "white":"#ddd",
        "black":"#000",
        "litmus_dark_pink":"#7f5764",
        "litmus_dark_blue":"#3a6b77",
        "litmus_dark_red":"#720101",
        "litmus_dark_orange":"#7f4600",
        "litmus_dark_yellow":"#7f7600",
        "litmus_dark_green":"#004013",
        "litmus_dark_indigo":"#122047",
        "litmus_dark_violet":"#391441",
        "litmus_dark_brown":"#301c0a",
        "litmus_dark_white":"#777777",
        "litmus_pink":"#ffafc8",
        "litmus_blue":"#74d7ee",
        "litmus_red":"#e40303",
        "litmus_orange":"#ff8c00",
        "litmus_yellow":"#ffed00",
        "litmus_green":"#008026",
        "litmus_indigo":"#24408e",
        "litmus_violet":"#732982",
        "litmus_brown":"#613915",
        "litmus_white":"#f0f0f0",
        "litmus_black":"#000000",
        "litmus_brighter_green":"#00c039",
        "litmus_brighter_indigo":"#3660d5",
        "litmus_brighter_violet":"#ac3dc3",
        "hp_orange":"#ffa524",
        "hp_red":"#ff0024",
        "hp_white":"#efebd2",
        "hp_grey":"#cfc9bd",
        "hp_black":"#0e0508",
        "hp_blue":"#a5d6db",
        "1973_dark_red":"#730012",
        "1973_brown":"#ff5949",
        "1973_dark_brown":"#622e22",
        "1973_very_dark_brown":"#1c1711",
        "1973_dark_orange":"#7f5212",
        "1973_yellow":"#f0e000",
        "1973_dark_yellow":"#7f7600",
        "1973_olive":"#c0d232",
        "1973_dark_olive":"#596113",
        "1973_bright_green":"#70e000",        
        "1973_green":"#54ac00",
        "1973_dark_green":"#2a5600",
        "1973_dark_blue":"#2a5656",
        "1973_purple":"#6080c0",
        "1973_dark_purple":"#304060",
        "amber":"#ff8c00",
        "dark_amber":"#aa5d00",
        "very_dark_amber":"#552f00",
        "amber_black":"#0f0800",
        "vt100_white":"#e0ffff",
        "vt100_dark_white":"#96aaaa",
        "vt100_very_dark_white":"#4b5555",
        "vt100_black":"#0b0f0f",
        "phosphor_black":"#000f00",
        "wopr_light_grey":"#c2cbd4",
        "wopr_grey":"#68676c",
        "wopr_dark_grey":"#211f24",
        "wopr_very_dark_grey":"#0b090a"        
    }
}