{
    "Introduction": {
        "main": "Hello, and welcome to HP-1973 (A 50th Anniversary Electronic Slide Rule), a SIMULATOR which runs the original ROM code of the Hewlett-Packard HP-35, HP-45 and HP-80 classic calculators. HP-1973 was written to celebrate the 50th anniversary of the launch of the HP-45. As the author of the HP-80 handbook writes, 'We included some design philosophy in the back of your handbook because we know that some users are crazy about details. Also, it gives us a chance to show off.' HP's pride in their calculators was well-justified, and this seemed liked a good way of giving them a chance to show-off again, many years later.\n\nThe simulator has been written to stick as closely as possible to the design of the calculators, using their original instruction set, code, flags and storage design. The display logic, for example, has been written in three different ways (from simple to as-close-as-possible-to-the-hardware-in-the-calculator) for people who want to delve more deeply into that aspect of the machines. Each calculator has more than one ROM version, and those are all made available, with appropriate safeguards to make sure that ROMs with known bugs are not run unwittingly. As well as creating some text describing the differences between ROMs, I've carried across the routine-labelling of the HP-45 ROM code to the HP-35 ROMs (including the early 'red dot' ROM) to help users gain an understanding of them as they execute instructions.\n\nThe code and other parameters of each calculator, including keyboard layouts, are stored in external files, structured to allow additional entries which the simulator can then run, without the need for any additional coding. The same is true of the simulator preferences, including colour themes and various start-up defaults.\n\nThis help file explains some of the details of the simulator, but not the details of using RPN calculators. If you need an introduction to RPN calculators, an internet search will deliver the handbooks for these models.\n\nI'd like to take a minute to thank the members of the Museum of HP Calculators forums for their help during the writing of this code, particularly teenix, whose insights as I got to grips with the display decoding logic of the HP-45 were, well, insightful. The simulator code itself was written from scratch (based on an earlier simulator of mine written in C), but the simulators written by brouhaha and teenix were an invaluable resource for checking certain aspects of functionality. As ever, though, any mistakes in this simulator are entirely down to me.\n\nFinally, as HP say in the HP-35 operating manual, 'Although the rest of this manual must be read, just between the two of us, you can't hurt the calculator by sliding the power switch to ON and pressing a few keys.'\n\nSarah Libman, June 2023",
        "more": ""
    },
    "Getting Started": {
        "main": "The calculator DISPLAY is shown in the top left of the simulator window, as a series of digits, each one made up of seven segments plus a decimal point. This is the only information visible on the real calculator: everything else is added as part of the simulator's user interface.\n\nTo interact with the calculator you can use your COMPUTER KEYBOARD or press a button on the ONSCREEN KEYBOARD. In this help text, calculator or onscreen key presses are shown in parenthesis, e.g. (CHS), and computer keyboard key presses are shown in square brackets, e.g. [z]. In particular, note that [shift] on the computer keyboard and (shift) on the calculator are not the same key.\n\nWhen you press a calculator key, the calculator performs an OPERATION. This might be entering a number, or calculating the sine of a value, or storing a value in memory, etc. \n\nLet's calculate ((2+3)/4.3)^2 and show the result to 4 decimal places. Make sure you're running an HP-45 (you can check this just above the display digits) and press the following keys:\n\n   [2] [enter] [3] [+] [4] [.] [3] [/] [w] [f] [4]\n\nYou should see 1.3521 on the calculator display, and a lot more information, too. The rest of this help file will explain the 'lot more information'. In each section, if more details of the internal workings of the calculator and/or simulator are available, a 'show detailed information' button will appear in the bottom right of the help screen.\n\nThe simulator has a menubar which gives direct access to all the help pages (including 'About' and 'Calculator-ROM Information'), and 'Quit'. You can also press [Q] to quit the simulator completely (or just close the window in the normal way, via the button in the title bar). Note that the menubar is not active while selecting a calculator-ROM pair.\n\nThe simulator runs in a normal mode or a 'short' mode, which can be used on displays which might otherwise have problems showing the full-size window. The only difference between the two modes is the visibility of word select values to the left of the execution list, and a slightly shorter execution list. If you're reading this then you've already selected from normal or 'short' modes, but if you selected normal and are having problems with the execution list, then try again with 'short' mode.\n\nYou can leave the help window by clicking 'Exit Help' at the bottom left, or closing the window. Or, you can leave it open as you use the simulator: pressing [H] or selecting a page from the menu will bring it to the foreground again.",
        "more": "The simulator runs pretty quickly on a modern computer, but not always as quickly as the calculators it is simulating. In particular, some HP-80 operations are both complicated and show 'garbage' in the display during calculations, further slowing execution. If you want the simulator to be more responsive try some, or all, of the following:\n\n • change the update mode to END, using [U]\n • hide the list pane, using [L]\n • hide the ROM map, using [R]\n • for the HP-80, change the display mode to APPROX (unless accurate 'garbage' displays\n   are your thing), using [D]\n\n'Short' mode is on if 'short_list' is true in hp1973_prefs_[os].json."
    },
    "Calculator-ROM\nSelect": {
        "main": "If you're reading this then you've already selected a calculator and ROM, but here's a bit more information about that process.\n\nThree calculators are available in the simulator: 1972's HP-35, and 1973's HP-80 and HP-45. These three calculators share much of the same underlying technology and instruction set, although the HP-80 differs from the HP-35 and HP-45 in that it is a financial, rather than scientific, calculator. The ROMs of each calculator come in multiple versions, which have some differences between them. The text in the CALCULATOR-ROM SELECT WINDOW explains these differences.\n\nClicking the 'Show Next ROM' button will cycle through the available calculator-ROM pairs. Clicking 'Select This ROM' will start the simulator proper with the then-on-screen calculator and ROM.\n\nSome ROMs are known to contain bugs. These ROMs can be selected by clicking the 'Show Bugged ROMs' button. (See 'detailed information' for more about the visibility of the 'Show Bugged ROMs' button.) Details of ROMs which contain known bugs are shown with a red surround, or a dimmed surround in monochrome themes.\n\nWhen a calculator-ROM pair is selected, the main simulator window will appear. The calculator-ROM details are dynamically added to the available help pages, and can be viewed in the normal way. Additionally, pressing [I] will open help at the 'Calculator-ROM Information' page.\n\nThe simulator checks each of the smaller, 256-address ROMs of the chosen ROM version, and the results of these checks are shown in the help page. The hash checks will return OK, ERROR or N/A. N/A means that there is no precalculated hash against which to check the ROM data.\n\nThe selected calculator and ROM version are also shown above the calculator display, together with a warning if the ROM is known to contain bugs.",
        "more": "The file hp1973_calcs.json contains structured data which defines all aspects of the three available calculators, including the raw ROM contents (in decimal). As long as the structure of the json file is followed, new ROMs for these calculators can be added without any need to change the code of the simulator. Only the first 20 lines of any ROM description text ('info') will be displayed. \n\nThe simulator preferences file hp1973_prefs_[os].json includes a calculator section which defines the default calculator ('default_type') and ROM ('default_rom'). If you want to start the simulator with the same calculator and ROM each time, these defaults can be applied on startup (without the calculator-ROM select window appearing) by setting 'prompt_for_calc' to false. (Note that the calculator-ROM select window will always be displayed if the hp1973_prefs_[OS]_normal.json file is still being used.)\n\nThe 'Show Bugged ROMs' button is shown if there are both bugged and non-bugged ROMs available, and the default ROM does not contain bugs. If there are only ROMs with bugs available, or if the default ROM contains bugs, then the button will not appear and bugged ROMs will be shown. If there are only ROMs without bugs available, then the button will not appear.\n\nHash values for the ROMs have been calculated using the Python hash function and the results stored in hp1973_calcs.json. If a new ROM is added without calculating these values, a hash value of 0 should be used to ensure that the hash check results in 'N/A' rather than 'ERROR'."
    },
    "Keyboard": {
        "main": "There are two ways of interacting with the simulator: the COMPUTER KEYBOARD and an ONSCREEN KEYBOARD. The onscreen keyboard can be hidden, or shown on the left or right of the simulator: use [K] to switch between these states.\n\nThe onscreen keyboard copies the layout and labelling of the chosen calculator. In addition, underneath each key is the computer keyboard shortcut for that key. For example, on the HP-45 onscreen keyboard, (CHS) has 'RAD' above it — since it changes the calculation mode to radians when pressed after (shift) — and 'key: z' underneath it: pressing [z] has the same effect as clicking (CHS). Note that the HP-35 keyboard places labels above some keys, rather than on them: there is no shift key required in this case.\n\nWith a bit of practice the onscreen keyboard isn't needed, and calculations can be performed quickly using the computer keyboard.\n\nIn addition to performing calculator operations, the computer keyboard is also used to control the simulator. These additional keys can be seen in square brackets in the settings pane, just below the main display. They are all upper case, so should be pressed together with the shift key on the computer keyboard.\n\nA note on shift keys. The HP-45 has a (shift) key on the top right of its keyboard, the HP-80 has its (shift) key on the left of the second row of keys, and the HP-35 has an (arc) key next to its trigonometric operators. All these keys change the behaviour of the next key pressed. They do not work the same way as the [shift] key on a computer keyboard, however: they are pressed before the next key, rather than at the same time. In the simulator, the (shift)/(arc) key of the calculators is mapped to ['] (apostrophe). So, as an example, to perform an arctan operation the onscreen keyboard sequence is (shift) or (arc) then (TAN). On the computer keyboard it is ['] then [t]. Pressing [T], i.e. [shift]+[t], on the computer keyboard will change the colour theme of the simulator.",
        "more": "The calculator ties each key on its keyboard to a keycode value. After a key is pressed a 'keyboard entry' instruction is performed which uses the keycode as an address to which execution branches. For example, (7) has a keycode of 52, so the keyboard entry instruction jumps execution to address 52. This jump begins execution of the correct routines for the calculator operation initiated by the key press.\n\nIn the HP-35 and HP-45, pressing (shift) or (arc) sets status bit 10 high. In the HP-80, (shift) sets status bit 7 high.\n\nIn the HP-35, routine DSP6 executes routine TKRA to process the keyboard entry, jumping to the appropriate trigonometric routine (which are the only routines to which (arc) is applicable). Early in those routines, status bit 10 is checked, and execution branches accordingly. Similarly, in the HP-80, routine DIS6 executes routine TKR to process the keyboard entry, and if the key is affected by the (shift) key, then the routine to which TKR jumps includes a branch dependent on the value of status bit 7.\n\nThe HP-45 has shifted functions on most of its keys and handles the (shift) key slightly differently. Routine DSP6 itself, in ROM 3, checks status bit 10. If it is low then execution continues to TKRA which jumps to the appropriate routine in ROM 3. If status bit 10 is high then a 'select ROM' instruction changes the enabled ROM to ROM 4 and the keyboard entry is handled by TKRAZ3 in that ROM, causing execution to jump to the appropriate routine in ROM 4.\n\nThere are two sets of key decodes in the simulator. In the json file which defines the calculators — hp1973_calcs.json — there is a 'keycodes' section for each calculator, duplicating that calculator's keycodes. For example, one entry links (CHS|RAD) to keycode 59:\n\n   'chs__rad': 59\n\nIn the json file which defines the simulator - hp1973_prefs_[os].json - the 'keybindings' section matches keys on the computer keyboard to keys on the calculator, and also contains all the information needed to create the onscreen keyboard. An example entry reads (annotations added here):\n\n   'z': {\n       'bind_to': 'chs__rad',   <-- bind [z] to (CHS|RAD)\n       'position': [3,2],       <-- button on 4th row, 3rd from left \n       'label': 'CHS',          <-- button label, 'CHS'\n       'upper_text': 'RAD',     <-- text above button, 'RAD'\n       'readable_key': 'z',     <-- text beneath button, 'key: z'\n       'width': 1               <-- button width, 1 column\n   }\n   \nButtons with a width of zero bind computer keys to operations but do not create a button on the on-screen keyboard. Buttons with a width of 2 automatically span 2 columns, e.g. (enter).\n\nhp1973_prefs_[os].json also includes decodes for the non-calculator keys which change simulator options.\n\nThe initial onscreen keyboard state can be altered by changing 'initial_keyboard_mode' in hp1973_prefs_[os].json to 0 (OFF), 1 (LEFT) or 2 (RIGHT)."
    },
    "Display": {
        "main": "The segmented digits in the top-left of the simulator represent the calculator's LED DISPLAY. It is the only part of the simulator's interface which is also available on the real calculator. Just like the real display, it will blink if an improper operation is attempted, until a calculator key is pressed.\n\nThe display has three update modes: AUTH, FAST and APPROX. For most purposes, these modes can be used interchangably, although most reasonably-powered computers should be fine running in AUTH mode, which is recommended. There are a couple of differences, though. First, when the battery voltage is low in the real calculator, all the decimal points on the display are lit. This can be simulated in AUTH mode by toggling the battery flag using [Y]. It is not available in other modes. Second, the HP-80 shows 'garbage' on the display during the course of some operations. This is more accurate in AUTH and FAST modes (and is the same in those two modes), and definitely inaccurate in APPROX mode. For this reason, if APPROX mode is selected, an INDICATOR to the bottom left of the display will show that APPROX mode is in use. The 'Advanced: Display Modes' help page has more details.\n\nThe other INDICATORS beneath the display are as follows.\n\nThree indicators provide information about the state of the calculator. The left indicator is only available for the HP-45, and shows the current angular mode: DEGrees, RADians or GRAdians. Next, available for the HP-45 and HP-80, the centre indicator shows whether the calculator is in SCI or FIX mode, and the relevant number of places. (SCI mode on the HP-80 does not show the number of places.) The right indicator is available for the HP-35 and HP-45, and shows 'SHIFT' when (shift) or ['] has been pressed (on the HP-45) or 'ARC' when (arc) or ['] has been pressed (on the HP-35).\n\nFurther to the right, an indicator shows the current status of the simulator:\n\n   READY        waiting for a key press\n   WORKING      processing a calculator operation\n   WAITING      waiting for a stepping button press in STEP update mode",
        "more": "The rate at which the display blinks when an illegal operation has been performed will depend on the computer on which the simulator is running. For more on this, see the 'Advanced: Background Processing' help page.\n\nThe storing of FIX and SCI modes and their associated places differs between the HP-45 and HP-80. The HP-45 uses register M. Nibble 1 of register M is 0 in FIX mode, or 1 in SCI mode. Nibble 2 of register M holds the associated FIX or SCI value. The HP-80 uses status bits. Status bits 1, 2 and 3 are treated as binary digits to give a value N. If N is less than 7, the HP-80 is in FIX mode, with N places. If N is 7 or greater, the HP-80 is in SCI mode (in which case the actual value of N isn't used).\n\nIn the HP-45, nibble 13 of register M is 9 in DEG mode, 0 in RAD mode, or 1 in GRA mode.\n\nIn the HP-35 and HP-45, status bit 10 is high if (shift) or (arc) has been pressed and low if not. In the HP-80, (shift) sets status bit 7 high, but other operations also do this, so it is not an accurate way to generate a 'SHIFT' message for use here.\n\nThere are two ROM instructions which control the display: one turns it off, the other toggles it (from on to off, or off to on)."
    },
    "Internals": {
        "main": "To the right of the display is the STACK, which shows the contents of stack positions T, Z, Y and X. On calculators which support it (HP-45), this pane is titled 'STACK & LASTx' and also shows the contents of LASTx. The values are shown in SCI9 format.\n\nBeneath the stack is an abbreviated list of some of the internal values held by the calculator. The top row shows pointer, data address (if supported by the calculator), and return address. The lower row shows carry, display enabled, and keycode. The base of the return address and keycode corresponds to the base shown in the settings pane. These internal values are described in detail in the 'List: Values' help page. \n\nThe HP-45 contains 10 STORAGE REGISTERS, numbered R0 to R9. Each register contains 14 4-byte nibbles numbered 13 (left) to 0 (right) which each hold a binary coded decimal value between 0 and 9. R1 to R9 are accessible by the user, but R0 is not. Storage registers 1 to 4, inclusive, can always be accessed by the user for general storage. Registers 5 to 8, inclusive, are used by the calculator when performing summations using sigma+ and mean/s.d., but can otherwise be used for general storage. Storage register 9 is used by the calculator when performing trigonometric functions and polar/rectangular conversions, but can otherwise be used for general storage.\n\nThe storage registers can be shown in RAW mode (as stored in the calculator) or as SCI9 numbers. Change between the two using [F].\n\nThe calculator has 7 INTERNAL REGISTERS — named A to F, and M — which take the same form as the internal registers. In the HP-35 and HP-80, register M is user memory, taking the role played by one of the HP-45's storage registers. For these calculators, the format of register M can be toggled using [F], as for the HP-45's storage registers.\n\nIn RAW mode, '0' is shown as '•' to make the display clearer: it's hard to make out changing digits in a sea of zeroes. You can toggle between '•' and '0' using [Z].\n\nBeneath the internal registers are the calculator's STATUS BITS and ROM ENABLED (ROE) BITS.\n\nThe calculator has 12 status bits numbered 0 to 11. They are shown from left (0) to right (11). A '_' indicates the corresponding bit is low (0). If a bit is high (1) then the bit number (in hex) is shown in that position, since that makes it easier to see which status bits are high. (In the list pane, the status bits are shown as standard 0s or 1s.)\n\nThe ROE is a set of 3 (HP-35), 7 (HP-80), or 8 (HP-45) bits, numbered from 0 to 2, 6 or 7. They are shown from left (0) to right (2, 6 or 7). Again, a '_' indicates the corresponding bit is low (0) and if the bit is high (1) then the bit number is shown in that position. (In the list pane, the ROE bits are shown as standard 0s or 1s.)\n\nThe ROE controls from which ROM the current instruction and parameters are taken: the bit which is set corresponds to the currently enabled ROM. To the right of the ROE the current address is shown. This is the address within the enabled ROM from which the current instruction and parameters are taken. The base of the address corresponds to the base shown in the settings pane.",
        "more": "When the calculator is waiting for a key press, registers A and B hold values necessary for populating the display, and the stack is held in internal registers C, D, E and F:\n\n   T: register F\n   Z: register E\n   Y: register D\n   X: register C\n\nStorage register R0 holds the LASTx value, on the HP-45.\n\nThe initial storage register / M register view mode can be altered by changing 'initial_sci_view_mode' in hp1973_prefs_[os].json to true (SCI9) or false (RAW).\n\nIf you want R0 to remain in RAW mode when R1 to R9 are shown in SCI9 mode change 'prevent_sci_view_for_r0' to 'true' in hp1973_prefs_[os].json.\n\nIf you want the M register to show only RAW mode, change 'm_register_sci' to false in hp1973_calcs.json, for the HP-35 and HP-80.\n\nThe initial zeroes mode can be altered by changing the setting 'initial_zero_as_dot' in hp1973_prefs_[os].json.\n\nThe status bits are shown in some calculator documentation in reverse order. If you would like to match this order (here and in the list pane), change 'show_status_high_to_low' to true in hp1973_prefs_[os].json.\n\nIf you would like the ROE bits to be shown in reverse order (here and in the list pane), change 'show_roe_high_to_low' to true in hp1973_prefs_[os].json."
    },
    "Settings": {
        "main": "The pane beneath the calculator display shows various simulator SETTINGS. The characters in square brackets are the computer keyboard keys for changing the relevant setting.\n\nIf a setting is currently unavailable, its title will be dimmed. [S]croll and [C]ontent are only available when the list pane is showing. [F]ormat is unavailable if the selected calculator does not have storage registers R0 to R9, and SCI9 mode for the M register has also been disabled in the calculator preference file. Batter[Y] is only available in AUTH display mode. Additionally, STEP update mode is only available when the list pane is showing, and will be skipped when cycling modes using [U] if the list pane is hidden. (Hiding the list pane whilst in STEP mode will set the update mode to END.)\n\nThe settings which aren't dealt with in separate help pages are:\n\n   [P]ower     resets the calculator as if it had been 'power cycled' by turning it off\n               and back on again\n   [T]heme     cycles through the available colour themes for the simulator\n   [H]elp      you've already figured this one out",
        "more": "The initial theme can be set using the 'initial_theme' item in hp1973_prefs_[os].json.\n\nAdditional themes can be created by adding a definition to the 'themes' section of hp1973_prefs_[os].json. The colours used in the 'themes' section are defined in the 'colour dictionary', or normal #-prefixed colour codes can be used."
    },
    "ROM Map": {
        "main": "Beneath the upper panes of the simulator window is the ROM MAP, if shown. Each of the darker-coloured bars represents one of the 256-address ROMs within the calculator, from ROM 0 at the top to ROM 2 (HP-35), 6 (HP-80) or 7 (HP-45) at the bottom. \n\nIn order to perform an operation, the calculator runs through a series of addresses within its ROM, with each address referring to a 10-bit byte. To complicate matters slightly, in the calculator, the ROM is split into multiple blocks of 256 addresses, and each block is also call a ROM. The HP-35 has 3 of these smaller ROMs, the HP-80 has 7, and the HP-45 has 8.\n\nA bright rectangle represents an address within that ROM which has been executed during the calculator's processing of an operation, from 0 on the left to 255 on the right. Usually the rectangle is the same colour as the ROM in which it resides, with the following exceptions:\n\n • black centre       the first address executed after a key press\n • pure white*        address to which execution jumps from 'keyboard entry' instruction\n • other ROM colour   'select ROM' instruction: colour shows which ROM is being enabled\n\n   * or pure black in some monochrome themes\n\nDetails of the underlying ROM/address execution can be found in the list pane.\n\nThe ROM map can be shown or hidden using [R]. It is cleared when toggled off and on, and also when changing theme.\n\nThe update mode of the ROM map corresponds to the mode shown in the settings pane. (See the 'Update Modes' help page.)",
        "more": "A ROM enabled bit is associated with each smaller ROM, which is set high (1) if that ROM is active, otherwise low (0). The calculator has access to the byte values stored at the current address in all smaller ROMs, but only the byte value in the enabled ROM is processed. The ROE shows these ROM enabled bits.\n\nThe ROM map will be shown when the simulator starts if 'initial_map_active' is true in hp1973_prefs_[os].json."
    },
    "List: Values": {
        "main": "The VALUES, to the left of the execution list, are only visible when the list mode is INS or ROM (but the same values are always available below the stack). They give information about internal calculator values as they stand after the execution of the most recent instruction.\n\n   POINTER          a 4-bit value which holds 0 to 15 (values above 13 are not used by\n                    the calculator when determining register components P and WP)\n   CARRY            a bit which is set high (1) if execution of an instruction results\n                    in a carry digit or if a conditional test is NOT true\n   DATA ADDRESS     data instructions move the entire internal C register to and from\n                    a storage register: the data address holds the number of that\n                    storage register (HP-45 only: the HP-35 and HP-80 use register M for\n                    user storage) \n   RETURN ADDRESS   stored when a jumpsub is executed: a return instruction returns to\n                    this address\n   KEYCODE          holds the keycode of the last calculator key pressed\n   DISPLAY          on or off (display enabled bit is 1 or 0, respectively)\n\nThe return address and keycode are shown in the base indicated in the settings pane. The data address is dimmed out if unsupported by the calculator.\n\nIf you are running in normal (rather than 'short' mode) then a WORD SELECT item will be visible. (Don't worry if you're in 'short' mode: there's no additional information shown and you can use the details below to understand register components based on the pointer value displayed.)\n\nIn the calculator, the registers are accessed in ranges called components, selected using WORD SELECT logic. There are 8 components:\n\n   P   Pointer (nibble indicated by pointer) [P]\n   WP  Word up to (including) pointer nibble [P, P-1, ..., 0]\n   X   Exponent                              [2, 1, 0]\n   XS  Exponent Sign                         [2]\n   M   Mantissa                              [12, 11, ..., 3]\n   MS  Mantissa and Sign                     [13, 12, ..., 3]\n   W   Word (entire register)                [13, 12, ..., 0]\n   S   Mantissa Sign                         [13]\n\nThe active nibbles of the components are indicated using hex values, from d to 0.\n\nComponents X, XS, M, MS, W and S are static, and do not depend on any other internal values. Components P and WP depend on the current pointer, and are updated dynamically to reflect this. When the pointer value is greater than 13, a message to that effect is shown in place of the component details.",
        "more": "The initial base for values can be altered by changing 'initial_base' in hp1973_prefs_[os].json to 0 (DEC), 1 (HEX) or 2 (OCT).\n\n\n\n'Short' mode is on if 'short_list' is true in hp1973_prefs_[os].json."
    },
    "List:\nExecution List": {
        "main": "The EXECUTION LIST is shown when LIST MODE is INStruction or ROM-listing. [L] cycles through these modes, and hides the list pane. The execution list is found to the right of the values column.\n\nThe first few lines of the execution list are populated with information showing the key which has been pressed (if the calculator has not just been turned on), the current values and register contents at the beginning of the operation, and the status and ROE values. Storage registers and the data address are not shown if unsupported by the chosen calculator.\n\nThe remainder of the execution list depends on the list mode.\n\nIn INS mode the list contains all the instruction-parameter pairs executed by the calculator to perform the current operation, in the order in which they occur. Each row of the list shows the following information:\n\n • the sequential number of the instruction-parameter during execution\n • the ROM in which the instruction-parameter is found\n • a separator which shows subroutine 'pseudo-depth'\n • the address within that ROM\n • any label attached to the routine beginning at the address\n • the raw byte content of the address\n • the instruction and parameters which are decoded from the raw byte\n • the label of the routine at a branching address\n • any state changes which result from executing the instruction-parameter\n\nNote that on a given list line the state change shows the internal state of the calculator AFTER the execution of the instruction-parameter on that line.\n\nChanges to the ROE, key entry jumps, and breaks to the background key-waiting loop are highlighted using additional lines in the list.\n\nIn ROM MODE the list starts with a listing of the entire contents of all the calculator's ROMs, from ROM 0 address 0 through to address 255 in ROM 2, 6 or 7 (for the HP-35, HP-80 or HP-45, respectively). Rather than add lines to the list as execution proceeds, the line for the last executed instruction is updated (as for INS mode) and highlighted. Because the same address may be executed multiple times, prior information relating to an execution of that address may be overwritten. The list shifts to keep the highlighted line in the centre of the view as execution proceeds.\n\nOther features of the list:\n\n • Parameters which relate to components of registers are decoded to WP, MS, etc. The\n   component relates to every register in the operation so, for example A + B -> A[MS]\n   adds the mantissa sign of A to the mantissa sign of B and stores the result in the\n   mantissa sign of A.\n • Lines which run in the background key-wait loop begin with a '>' character.\n • Goto instructions are always conditional branches, and depend on the value of the\n   carry flag. If a goto instruction is not executed because this flag is high (1),\n   'x|' will be visible at the left of the instruction.\n • The zeroes in register, status and ROE values will be substituted with '•' if the\n   option is selected using [Z].\n • The separator between ROM and address also indicates the 'nesting' of subroutines\n   called through jumpsub instructions. The first call places a '.' before the address.\n   A second call without a prior return changes this to ':', and a third (or more)\n   without a prior return changes this to '|'. When a return is executed the indicator\n   resets. The calculator itself does NOT nest subroutine calls: only the most recent\n   return address is stored. The indicator also resets at the start of each operation. \n\nThe execution addresses, address contents, keycodes, and goto/jumpsub addresses in the list can be shown in decimal, hexadecimal or octal: cycle through these bases using [B]. In addition, the address contents can be shown in binary: toggle between binary and the chosen base using [C]. In binary mode, zeroes will be replaced by dots if selected using [Z]. Execution list bases will update at the start of the next calculator operation.\n\nThe update mode of the list corresponds to the mode shown in the settings pane. When STEP mode is selected, a set of stepping buttons will appear beneath the execution list after each calculator key press. See the 'Update Modes' help page for details.\n\nFor a listing of the ROM which matches the format of the associated patents, select ROM mode, with octal as base, and binary for the address contents.\n\nThe execution list is cleared when a new calculator key press is received or the list pane is hidden. When populated, the execution list can be scrolled with a mouse-wheel, by clicking on a line and then using keyboard arrow-keys, or by using a scrollbar on the right. Use [S] to toggle visibility of the scrollbar.",
        "more": "Each address in a ROM points to a raw byte value. That value decodes to an INSTRUCTION and PARAMETERS which are used with that instruction. (The instruction and parameters together can be referred to as an 'operation', but we avoid that term here to avoid confusion with calculator operations.)\n\nThe calculator executes the contents of one address after the next with a few exceptions. If an address contains a goto or jumpsub instruction, then execution can jump to the address given as the instruction's parameter. Goto instructions are always conditional branches, and will only occur if the carry flag is low (0) when the instruction is executed. In the case of a jumpsub, the calculator's 'return address' is set to the address after the address containing the jumpsub (modulo 256). A subsequent return instruction will return to the return address (assuming no intervening jumpsub: the calculator only holds the most recent return address). If execution reaches the last address of one of the ROMs (255), and it's not a jump instruction, then it will 'loop back round' to the first address (0).\n\nWhen a 'select ROM' instruction is executed the ROM enabled bit of the currently enabled ROM is set low (0) and the ROM enabled bit of the selected ROM is set high (1). Execution continues to the next address, but now the contents of that address come from the newly enabled ROM.\n\nThe routine labels for the HP-45 and HP-80 are taken from their respective patent applications. The HP-35 routine labels have been derived through comparison with the HP-45 listing. An HP-35 routine which starts with a stop (e.g. '.RNDX') indicates that there isn't a good enough match with an HP-45 routine, so a new label has been created. Routine lists, which match ROM-address pairs with labels, are stored at the ROM level in hp1973_calcs.json, since they can differ between ROM versions for the same calculator. Both HP-80 ROMs have the same routine list. For the HP-45, the only difference is the address of the AM11 routine in ROM 4. There are, however, far more differences between the 'red dot' HP-35 and the later bug-fixed ROM (although many of these are just routine relocations, rather than differing code within routines).\n\nThe initial list mode can be altered by changing 'initial_list_mode' in hp1973_prefs_[os].json to 0 (OFF), 1 (INS) or 2 (ROM).\n\nThe initial scrollbar visibility can be set using 'initial_list_scrollbar' in hp1973_prefs_[os].json.\n\nThe initial base for values can be altered by changing 'initial_base' in hp1973_prefs_[os].json to 0 (DEC), 1 (HEX) or 2 (OCT).\n\nThe initial use of binary for address contents can be set using 'initial_content_binary' in hp1973_prefs_[os].json."
    },
    "Update Modes": {
        "main": "Pressing [U] cycles through the update modes of the simulator: END, LIVE and STEP.\n\n   END    the calculator runs all instructions before the simulator window is updated\n   LIVE   the simulator window updates after each instruction is executed\n   STEP   an additional pane of stepping buttons appears beneath the execution list after\n          each calculator key press\n\nWhile the stepping buttons are displayed, the calculator and simulator keys are not active.\n\nSTEP mode is only available when the list pane is visible. If the list pane is hidden whilst in STEP mode, the update mode will be set to END.\n\nIn LIVE and STEP modes, the execution list scrolls as instructions are processed. In END mode, the list remains at the start.\n\nThe stepping buttons allow for the execution of a fixed number of instructions, instructions up to and including the next occurence of a specific type of instruction, and instructions up to and including a specific flag/instruction-type combination.\n\n • 1, 5, 10 ...     execute number of instructions and then pause\n • run to end       execute all remaining instructions within the operation\n\n                    execute until after the next ...\n\n • reg update       ... register update instruction (not shift)\n • reg shift        ... register shift instruction\n • push/pop/rot     ... push, pop or rotate down instruction\n • data/storage     ... data/storage instruction\n • constant         ... constant instruction\n\n • goto             ... goto instruction\n • subroutine       ... jumpsub or return instruction\n • rom select       ... ROM select instruction\n\n • pointer          ... pointer instruction\n • status           ... status bit instruction\n • display          ... display instruction\n • key entry        ... key entry instruction\n • nop              ... 'no operation' instruction\n\n • reg query        ... register query\n • carry 0 to 1     ... carry bit change from 0 to 1\n • P≠n false        ... P ≠ n query returns false (i.e. P = n)",
        "more": "In STEP mode the list only scrolls at the end of the current sequence of steps (e.g. after 10 steps), or when the calculator display updates, not with every instruction in those steps.\n\nThe initial update mode can be altered by changing the 'initial_update_mode' in hp1973_prefs_[os].json to 0 (END), 1 (LIVE) or 2 (STEP). If 'initial_list_mode' is set to 0 (OFF) then the initial update mode will be set to 0 (END) if 'initial_update_mode' is 2 (STEP)."
    },
    "Timer": {
        "main": "The HP-45 has a 'secret', and not-entirely-accurate, timer function which is accessed by pressing first (RCL) and then (CHS), (7) and (8) simultaneously. This is a little tricky on the real calculator, and not really an option for the simulator. However, the timer can be accessed in the simulator by pressing (RCL) or [right square bracket] and then [?]. The timer runs reasonably accurately on my machine, but it will definitely vary with processor, operating system, etc., so it is included here as a curiosity, rather than a useful feature.\n\nOnce in timer mode the following keys control the timer:\n\n • (CHS) or [z]         start and stop the timer\n • (sigma+) or [o]      stop the timer\n • (EEX) or [e]         show or hide the tenths/hundredths of a second display\n • (CLx) or [;]         reset to zeroes\n • (.) or [.]           quit timer mode with the current time retained on the display\n • (ENTER) or [enter]   quit the timer mode with the display reset to zero\n\nIn addition, the storage registers can be used to store and retrieve times:\n\n • (1)-(9) or [1]-[9]    store current time in register, if timer is running\n • (1)-(9) or [1]-[9]    retrieve time stored in register, if timer is not running\n \nNote that the calculator display will update when the timer is running, but the other simulator values will not (but see 'detailed information' for more on this).",
        "more": "In the calculator, the simultaneous pressing of (CHS)(7)(8) results in a keycode of 62, which the simulator assigns to [?]. Entering the timer mode enables ROM 7 of the HP-45.\n\nThe rate at which the timer runs is governed by the simulator parameters of the wait-key loop running in the background. Running in the background also means that only the calculator display will update when the timer is running. If you want other displayed values to update, try holding down ['], which will force a (shift) operation: this won't do anything in the calculator, but will cause the simulator values to update. See the detailed information section of the 'Advanced: Background Processing' help page, for more details.\n\nIn the key-wait loop used by the HP-45's timer mode, a 'display off' instruction at ROM 7 address 169 is immediately followed by a 'display toggle' instruction at address 170. In the calculator this quick off/on is part of the display update routine and is not visible, but in the simulator it is not a necessary part of updating the display, and causes the display to flicker. To avoid this flicker, while the key-wait loop is running in the background, the instructions at ROM 7 addresses 169 and 170 affect the 'display enabled' flag, but do not actually toggle the display off and back on. If you want to run the background loop exactly as it is in the calculator, set 'timer_flicker_tweak' to false in hp1973_prefs_[os].json."
    },
    "Advanced:\nBackground\nProcessing": {
        "main": "In the calculator, once an operation has completed, a short loop executes, waiting for a key press. \n\nThese 'key-wait' loops serve two other functions in the calculator. First, if an improper operation is attempted (e.g. divide by zero), a modified loop runs which includes instructions to turn the display on and off, causing the screen to blink until a key is pressed. Second, on the HP-45, there is an undocumented (although described in patents) timer function and when this is activated, the key-wait loop is extended to include the instructions necessary for incrementing the time and updating the calculator display.\n\nIn the simulator, the key-wait loop is run twice (or more: see 'detailed information') in the foreground (i.e. included in the heatmap, execution list, etc.) so that the user can see what's going on inside the calculator. After these loops, one of two things happens. If the normal key-wait loop is running, the simulator stops executing calculator instructions until a calculator key is pressed. This prevents the use of CPU cycles in running calculator code which has no real effect in the simulator. If the blink or timer loops are running, they continue to run in the background until the next key is pressed. This allows the key-wait loop to flash the screen / run the timer when required, without filling the simulator interface with repetitive information.",
        "more": "In the HP-35 the usual loop is:\n\n   [0]  [199]  [0516]    set status bit 8 high\n   [0]  [200]  [0340]    if status bit 5 is zero...\n   [0]  [201]  [0823]    ... then goto  205\n   [0]  [205]  [0020]    if status bit 0 is zero...\n   [0]  [206]  [0799]    ... then goto 199\n\nIn the HP-45 this loop is usually:\n\n   [3]  [140]  [0516]    set status bit 8 high\n   [3]  [141]  [0340]    if status bit 5 is zero...\n   [3]  [142]  [0587]    ... then goto 146\n   [3]  [146]  [0020]    if status bit 0 is zero...\n   [3]  [147]  [0563]    ... then goto 140\n\nIn the HP-80 the usual loop is:\n\n   [0]  [115]  [0580]    set status bit 9 high\n   [0]  [116]  [0076]    set pointer to 1\n   [0]  [117]  [0340]    if status bit 5 is zero...\n   [0]  [118]  [0491]    ... then goto  122\n   [0]  [122]  [0020]    if status bit 0 is zero...\n   [0]  [123]  [0463]    ... then goto 115\n\nIn these cases, a key press sets status bit 0 high, so the final goto does not execute, breaking the loop and allowing execution to continue at address 207 (HP-35), 148 (HP-45) or 124 (HP-80).\n\nThe simulator works as follows. When a key is pressed, status bit 0 is set high and execution proceeds, updating the heatmap, instruction list, display, etc., until the key-wait loop is reached. The loop runs twice in the foreground, updating the simulator window, for normal and timer loops. For blinking loops, the foreground loop is run more times, to show how the C register is used as a counter to control the rate of blinking. \n\nThe simulator 'cheats' when the normal (i.e. no blinking or timer updates) key-wait loop is active. For this type of key-wait loop, the simulator simply stops the execution of calculator code to save CPU cycles, waits for a key press, sets status bit 0 high and then runs the loop one last time. In order to do this it checks that the key-wait loop has not started whilst either status bit 5 is high (blinking) or the enabled ROM is the HP-45's timer ROM (ROM 7). \n\nFor blinking and timer loops, calculator execution continues in the background. (If [B] is used to change the base of addresses/contents while this type of loop is running, the values shown in the internals pane might change, as a sequence of instructions is still running.) When running background loops, the display is only turned on and off when a display instruction is received, irrespective of a calculator's 'display garbage' setting in hp1973_calcs.json: this doesn't change anything visible to the user, and avoids slowing down the background loop unnecessarily.\n\nThe simulator preference file, hp1973_prefs_[os].json, contains four settings which relate to the background key-wait loop. The simulator loop runs a number of instructions of the calculator key-wait code every few milliseconds. 'keyloop_interval' determines the number of milliseconds between code execution. 'keyloop_normal_bytes_per_interval' determines how many instructions are executed after each interval, in normal/blinking execution mode. 'keyloop_timer_bytes_per_interval' determines how many instructions are executed after each interval, in HP-45 timer mode. The combination of these values determines the rates at which the display blinks and the timer runs. \n\nThe fourth key-wait setting in hp1973_prefs_[os].json is 'always_loop_keywait': if this is true then the key-wait loop always runs in the background, even if not required for blinking or the HP-45 timer."
    },
    "Advanced:\nDisplay Modes": {
        "main": "The way in which the calculators display the results of operations is relatively simple to describe, but gets much more complicated when considering the actual hardware implementation. The simulator includes three display modes. AUTHentic aims to be as close as possible to the processing within the calculator. FAST produces the same results as AUTH, but 'cheats' to make the underlying code simpler. APPROXimate is, for the most part, indistinguishable to the other two modes, but not always, so care must be taken in certain 'edge cases'. In all three cases, the segments of each digit are calculated individually, rather than being represented by a font on screen.",
        "more": "The easiest way to explain the different modes is to start with APPROX, and work through FAST to AUTH. For even more details, there are comments in the simulator code itself. It's probably worth reading through the rest of the help pages before continuing here, since they explain many of the terms used in the following.\n\nThe calculator has 15 digits in its display, numbered 15 (left) to 1 (right). In normal operation, digit 15 holds the mantissa sign, digits 2 & 1 hold the exponent, digit 3 holds the exponent sign, and the remaining digits are filled with the mantissa, including a decimal point. The decimal point is the reason why the 14-nibble registers of the calculator require a 15 digit display.\n\nRegisters A and B contain the information used to populate the display. Imagine the screen filling from left to right. (It doesn't, in fact, fill in this manner, but it's a good starting point.) It's easy to see how register A values might populate the screen: nibble A[13] produces the mantissa sign at digit 15, A[12] encodes the first mantissa value at digit 14, ..., all the way to A[0] encoding the last digit of the exponent. However, register A alone is not sufficient, because some of the digits are unlit, and there's a decimal point, and two of the digits only contain a minus sign rather than a numeral.\n\nIn the following we use <...> to indicate what's shown on the display.\n\nRegister B handles the decimal point, and unlit digits. Suppose we turn on a simulated HP-45 and press (shift)(.)(CHS), or type ['][.][z]. We will end up with the following:\n\n             digit   15 14 13 12 11 10 9  8  7  6  5  4  3  2  1\n   display         < -  3  .  1  4                               >\n\n             nibble  13 12 11 10 9  8  7  6  5  4  3  2  1  0\n   register A        9  3  1  4  2  0  0  0  0  0  0  0  0  0\n   register B        0  2  0  0  9  9  9  9  9  9  9  9  9  9\n   \n   \nNow try, (1)(.)(2)(3)(4)(5)(6)(1/x)(shift)(FIX)(6), or type [1][.][2][3][4][5][6][\\]['][f][6]. This gives:\n\n             digit   15 14 13 12 11 10 9  8  7  6  5  4  3  2  1\n   display         <    8  .  1  0  0  0  5  2           -  0  1 >\n\n             nibble  13 12 11 10 9  8  7  6  5  4  3  2  1  0\n   register A        0  8  1  0  0  0  5  2  6  0  0  9  0  1\n   register B        0  2  0  0  0  0  0  0  9  9  9  0  0  0\n   \nSeeing this, here are the 'rules' we might adopt, reading the nibbles from 13 to 0, and filling the digits from 15 to 1:\n\n   if the display is enabled:\n      for n from 13 to 0 :\n         if B[n] is 9 (but see below) :\n            the current digit is unlit, move to next digit\n         else :\n            if n is 13 or 2 :\n               if A[n] is 9 :\n                  the current digit is '-', move to next digit\n               else : \n                  the current digit is unlit, move to next digit\n            else :\n               the current digit is the value of A[n], move to next digit\n            if B[n] is 2 (but see below) : \n               the current digit is '.', move to next digit\n   \nIn our examples, A[13] corresponds to digit 15 and A[12] corresponds to digit 14. But because B[12] is 2, digit 13 is a decimal point, and all subsequent nibbles are shifted by one digit. So A[11] corresponds to digit 12, etc.\n\nIn the calculator (and simulator), the condition for a digit to remain unlit is that the MSB of B[n] is 1, i.e. B[n] = 8 or 9, rather than just B[n] = 9. Similarly, the decimal point relies on B[n] having a 1 in the 2s position of its 4 bits, i.e. B[n] = 2, 3, 6 or 7, rather than just B[n] = 2.\n\nThe APPROX mode uses this method of determining what is required on the display. It produces a string of digits/decimal point/signs, which is then decoded into the necessary segments for each digit on the display. This mode gives the same output as the other modes when used with an HP-35 or HP-45 ROM. However, the HP-80 shows interim 'garbage' on the display during its operations and APPROX mode DISPLAYS THE WRONG CHARACTERS for these interim states. To accommodate this 'garbage' which may include multiple decimal points, we also add an additional condition to APPROX: if there's already been a decimal point, additional decimal points shouldn't move to the next digit (to avoid running out of display digits.) Again, this isn't how the calculator does things, and the results aren't correct for interim HP-80 states.\n\nThe next complication is that the calculator processes the digits/nibbles in a different order. First nibble 13 / digit 15 is processed, and then the remaining digits, in ascending order, from nibble 0 to nibble 12 or digit 14, whichever occurs first. So after the mantissa sign, the display is filled 'backwards', from right to left.\n\nOn the HP-35 and HP-45, digit 14 will correspond to nibble 12, but the 'garbage' displays on the HP-80 may contain multiple decimal points, which means digit 14 may be reached before nibble 12. The logic circuits governing the digit processing on the calculator ensure that once digit 14 has been populated (or left unlit), any further nibbles have no effect on the display.\n\nAnother problem with processing the display in this order is that our decimal point logic is now incorrect. Let's say A[n] is 6 and B[n] is 2, and A[n-1] is 4 and B[n-1] is 0. We want this to appear on the display as <6.4>. However, our existing logic won't work correctly if we're moving from right to left: we'll add the 4, then add the 6, then add the decimal point, and end up with <.64>. So now our basic processing might be:\n\n   if the display is enabled :\n      for n in (13, 0, 1, ... 12)\n         if we haven't filled all the digits:\n            if B[n] is 8 or 9 :\n               the current digit is unlit, move to next digit\n            else :\n               if B[n] is 2, 3, 6 or 7 : \n                  the current digit is '.', move to next digit\n               if the decimal point didn't fill the final digit:\n                  if n is 13 or 2 :\n                     if A[n] is 9 :\n                        the current digit is '-', move to next digit\n                     else : \n                        the current digit is unlit, move to next digit\n                  else :\n                     the current digit is the value of A[n], move to next digit\n\nwhere we take 'next digit' to move from 15 to 1, and then 2, 3, 4, etc.\n\nThis looks pretty good, but it doesn't quite work when we do things in the right order, starting with digit 15 / nibble 13, and then proceeding to digit 1 / nibble 12, etc. There's a problem with HP-35 processing. In the HP-80 and HP-45, numbers less than 1 start with <0.>, e.g. <0.141>, but in the HP-35, the initial <0> is omitted, e.g. <.141>. In our example, A[13] is 0, and B[13] is 2: the mantissa sign (digit 15) is empty, and the next character is a decimal point. But our suggested processing would put the decimal point into digit 15 and then move on to digit 1, where it would put the mantissa sign, and so on. When we look at AUTHenticate decoding we'll see how this is handled 'properly', but for now we have to make a couple of 'ad hoc' adjustments to accommodate this issue.\n\n   if the display is enabled:\n      if A[13] is 9 and B[13] is not 8 or 9 :\n         digit 15 is '-', move to digit 1\n      else :\n         digit 15 is unlit, move to digit 1\n      for n from 0 to 12:\n         if we haven't filled all the digits:\n            if B[n] is 8 or 9 :\n               the current digit is unlit, move to next digit\n            else :\n               if B[n] is 2, 3, 6 or 7 : \n                  the current digit is '.', move to next digit\n               if the decimal point didn't fill the final digit:\n                  if n is 2 : (note: we already dealt with 13)\n                     if A[n] is 9 :\n                        the current digit is '-', move to next digit\n                     else : \n                        the current digit is unlit, move to next digit\n                  else :\n                     the current digit is the value of A[n], move to next digit\n       if the current digit is 14 and B[13] is 2:\n          digit 14 is '.'\n\nWe first process the mantissa sign at digit 15, ignoring any decimal point indicated by B[13]. Then we go through the remaining nibbles, from 0 to 12. If there's a decimal point in that range then by the time the loop is completed we'll be back at digit 15, and we're done. But if there's no decimal point, nibbles 0 to 12 will only have taken us up to digit 14, the first digit of the mantissa, so the last bit of code checks to see if B[13] requires a decimal point after the mantissa sign, and puts it into digit 14 if so.\n\nThis is the FAST display mode. It does not process the display in exactly the same way as the calculator, but it is functionally equivalent, even when decoding the interim 'garbage' displays of the HP-80.\n\nFinally, the AUTH display method tries to simulate the hardware logic of the calculator as closely as possible. It performs all the display operations at the bit level, rather than considering nibble values, and replicates the flags, pulses, shift registers and logic processing outlined in the HP-45 patent.\n\nIn APPROX and FAST modes, the display is calculated using the values in the nibbles of the A and B registers. The resulting string of numerals/points/signs is then converted into segments for the display. In AUTH mode registers A and B are treated as 56-bit registers, bit-shifted and copied into 4 and 1-bit buffers at specific clock-ticks, and converted into display digit segments via data-lines and supporting anode and cathode logic. The AUTH display pipeline does not include a step in which a number is directly converted into segments. It's all quite non-trivial, but here's a description of what's going on. Having a copy of the HP-45 patent to hand might be useful, too.\n\nIn the general processing of the simulator, the internal registers (including registers A and B) are treated as 14 4-bit nibbles, numbered from 13 to 0. In the case of the A register, as we have seen, nibble 0 represents the final digit of the exponent and nibble 13 is the mantissa sign. For the AUTH display mode, registers A and B are treated as 56 bits, as they are in the calculator. Bit 0 is the LSB of nibble 0. Bit 3 is the MSB of nibble 0. Bit 52 is the LSB of nibble 13. Bit 55 is the MSB of nibble 13.\n\nAs the internal clock of the calculator 'ticks', the registers rotate to the right, 1 bit per tick. So, numbering the bits, the register A contents look like:\n\n   start   T1   bits      55 54 53 52 51 ... 4  3  2  1  0\n                nibbles   13 13 13 13 12 ... 1  0  0  0  0\n   tick \n           T2   bits      0  54 53 52 51 ... 5  4  3  2  1\n                nibbles   0  13 13 13 12 ... 1  1  0  0  0\n   tick    \n           T3   bits      1  0  54 53 52 ... 6  5  4  3  2\n                nibbles   0  0  13 13 13 ... 1  1  1  0  0\n   etc.\n   \nAs can be seen, the leftmost bit of the register contents is filling with the LSB of nibble 0 after tick 1, then the 2s bit of nibble 0, etc. That is, the leftmost 4 bits of the register are filling with nibble 0, LSB first. After the fourth tick, these 4 bits will contain nibble 0. After the eighth tick, nibble 1, then nibble 2, etc. \n\nIn addition to the 56-bit registers, the display pipeline includes a 4-bit buffer linked to the leftmost 4 bits of the register A contents, and a 1 bit buffer linked to the leftmost bit of the register B contents.\n\nWe need some shorthand for talking about these part of the pipeline. \n\nWe've used A[n] to be nibble n of register A, and similarly for B[n]. Here we're always referring to the unrotated registers, i.e. A[3] is unchanged after each tick.\n\nWe extend from nibble to bits, so now A[b] is bit b of register A, and similarly for B[b]. \nAn[n] is now nibble n of register A.\n\nAr[b] and Br[b] refer to the rotated bits of the registers. So, in our example above, at the start Ar[55] is A[55]. After one tick, Ar[55] is A[0]. After another tick, Ar[55] is A[1]. After four ticks, Ar[55,54,53,52] is A[3,2,1,0] is An[0]. (These are not two separate registers in the calculator, but it makes our life easier to refer to them in this way.)\n\nBecause we use Ar[55,54,53,52] a lot, we refer to these bits of Ar as A*[b]. So, after four ticks, A*[3,2,1,0] (which is Ar[55,54,53,52]) is A[3,2,1,0] is An[0]. Similarly, we write B* for Br[55]. Again, A* and B* are not actual registers in the calculator: they're just a useful shorthand to explain what's going on.\n\nWe refer to the buffers as A'[b] and B'. (The buffers ARE real components of the display pipeline.) A* is read into A' after every fourth tick. B* is read into B' after every tick.\n\nAssuming that register A started with contents 98765432109876, and register B started with contents 1234567890123 then:\n\n    \n   start   T1   b       55 54 53 52   51 ... 4    3  2  1  0\n                A[b]    1  0  0  1    1  ... 1    0  1  1  0\n                Ar[b]   1  0  0  1    1  ... 1    0  1  1  0\n                B[b]    0  0  0  1    0  ... 0    0  0  1  1\n                Br[b]   0  0  0  1    0  ... 0    0  0  1  1\n   \n                a       3  2  1  0\n                A*[a]   1  0  0  1\n                A'[a]   1  0  0  1 (copied from A*)\n   \n                B*      0\n                B'      0          (copied from B*)\n           \n   after tick\n   \n           T2   b       55 54 53 52   51 ... 4    3  2  1  0\n                A[b]    1  0  0  1    1  ... 1    0  1  1  0\n                Ar[b]   0  1  0  0    1  ... 1    1  0  1  1\n                B[b]    0  0  0  1    0  ... 0    0  0  1  1\n                Br[b]   1  0  0  0    1  ... 1    0  0  0  1\n   \n                a       3  2  1  0\n                A*[a]   0  1  0  0\n                A'[a]   1  0  0  1 (unchanged)\n   \n                B*      1\n                B'      1          (copied from B*)\n           \n   after 3 more ticks\n   \n           T5   b       55 54 53 52   51 ... 4    3  2  1  0\n                A[b]    1  0  0  1    1  ... 1    0  1  1  0\n                Ar[b]   0  1  1  0    1  ... 0    0  1  1  1\n                B[b]    0  0  0  1    0  ... 0    0  0  1  1\n                Br[b]   0  0  1  1    0  ... 1    0  0  1  0\n   \n                a       3  2  1  0\n                A*[a]   0  1  1  0\n                A'[a]   0  1  1  0 (copied from A*)\n   \n                B*      0\n                B'      0          (copied from B*)\n   \nThe net result of all this is that every 4 ticks, the register A buffer, A', will contain the next nibble of register A. Every tick, the register B buffer, B', will contain the next bit of the current nibble of register B. The display decoder uses these buffers in order to figure out which segments of the current display digit should be lit. Here's how that's done.\n\nThe display logic runs over a 4-tick cycle, T1 to T4. During each tick it has to do three things: (1) retrieve information from the current nibble, (2) prepare for the displaying of that nibble, and (3) display the previous nibble. It does this on a continuous loop. Here's a section of that loop.\n\n            T4 T1 T2 T3 T4 T1 T2 T3 T4 T1 T2 T3 T4 T1 T2 T3 T4 T1 T2 T3 T4 T1 T2 T3 T4 T1\nget b       44 45 46 47 48 49 50 51 52 53 54 55 0  1  2  3  4  5  6  7  8  9  10 11 12 13\n    n       11 11 11 11 12 12 12 12 13 13 13 13 0  0  0  0  1  1  1  1  2  2  2  2  3  4\nprepare n   10    dp    11    dp    12    dp    13    dp    0     dp    1     dp    2\ndisplay n   dp 10 10 10 dp 11 11 11 dp 12 12 12 dp 13 13 13 dp 0  0  0  dp 1  1  1  dp 2\n                                                               *  *  *  *\n\nLet's use the T1 to T4 section marked with asterisks as our example.\n\n   In T1:\n\n   An[0] has been already been prepared: now, some segments of it are lit on the display\n\n   A* contains [An[1]bit0, An[0]bit3, An[0]bit2, An[0]bit1]\n   B* contains the 1s bit of Bn[1]\n   A' contains An[0] (or [1,1,1,1]: see T4)\n   the 1s bit of Bn[1] is copied from B* to B'\n\n   the registers rotate\n    \n   In T2:\n\n   An[0] has been already been prepared: now, some segments of it are lit on the display\n\n   A* contains [An[1]bit1, An[1]bit0, An[0]bit3, An[0]bit2]\n   B* contains the 2s bit of Bn[1]\n   A' contains An[0] (or [1,1,1,1]: see T4)\n   the 2s bit of Bn[1] is copied from B* to B'\n\n   if B' is high then the decimal point flag is set high else it's set low\n   so: if the next nibble to be displayed has 2, 3, 6 or 7 in its B register,\n       the decimal point flag is set\n\n   the registers rotate\n \n   In T3:\n\n   An[0] has been already been prepared: now, some segments of it are lit on the display\n\n   A* contains [An[1]bit 2, An[1]bit1, An[1]bit0, An[0]bit3]\n   B* contains the 4s bit of Bn[1]\n   A' contains An[0] (or [1,1,1,1]: see T4)\n   the 4s bit of Bn[1] is copied from B* to B'\n\n   the registers rotate\n\n   In T4:\n\n   A* contains [An[1]bit3, An[1]bit 2, An[1]bit1, An[1]bit0]\n   B* contains the 8s bit of Bn[1]\n   the 8s bit of Bn[1] is copied from B* to B'\n    \n   A* is ORed with B* and NOT(the display enabled bit) and stored in A'\n   so: if Bn[1]bit3 is high (i.e. Bn[1] is 8 or 9), A' will contain [1,1,1,1]\n       or if the display is not enabled, A' will contain [1,1,1,1]\n       [1,1,1,1] tells the decoder not to light any segment when displaying An[1]\n       during the next T1-T3 steps\n        \n    move on to the next digit of the display (see below for details)\n    \n    if the decimal point flag is set:\n       light the decimal point segment of the new digit and move to the next digit\n       so: if An[1] has a decimal point after it we insert that point now, before\n           displaying An[1] itself in the next T1-T3 steps (remember that we're filling\n           the display from right to left)\n    \n    the registers rotate\n\nTurning now to the 'some segments of it are now lit' and 'move on to the next digit' parts of the pipeline...\n\nThe display includes a cathode driver and an anode driver. The cathode driver determines the position of the current digit on the display, from 15 (left) to 1 (right). The anode driver determines which segments of that digit are lit. Not all the segments are lit in the same step, and only one digit at a time is lit on the display, but the process happens so quickly that the display appears continuously lit to the human eye.\n\nThe cathode driver is a 15-bit shift register, driven by a 2-bit counter. Every 4 ticks, the shift register shifts to the left, so the high bit corresponds to the next digit. A start pulse is received in the T4 step during which An[13] is being prepared, which resets the shift register's high bit to digit 15 (the mantissa sign). The shift register is designed to continue at digit 1 after digit 15, and then digit 2, 3, 4, etc. Once digit 14 has been decoded, the shift register turns off all the digits. This will usually coincide with the start pulse but, on the HP-80, additional decimal points in 'garbage' displays may fill all the digits before every nibble is processed: the remaining nibbles won't have any effect on the display.\n\nThe display decoder communicates with the anode driver via 5 data lines, A, B, C, D and E.\nThis is fewer data lines than there are digit segments, and so the same data line can be responsible for different segments at different steps, T1 to T4. The segments themselves are labelled, a to f, clockwise around a '0' starting at the top horizontal segment. The central horizontal segment is labelled g. The decimal point is labelled dp.\n\nHere's how the data lines correspond to lighting segments in the different steps:\n\n            a   b   c   d   e   f   g   dp\n       A    T2\n       B        T3                      T4\n       C            T2\n       D                T2  T1\n       E                        T2  T1  T4\n\nA note on decimal points. In T4, as mentioned, if the nibble which is being prepared for display has a decimal point after it, then that decimal point is displayed in T4, by setting data line E high (unless the display is not enabled). An extra clock pulse is generated which shifts the cathode shift register again, making sure that when the next nibble is displayed in T1-T3 it will be in the correct place. There is also a direct link between a voltage comparator and segment dp, which causes all the decimal points to light if the battery is low: a decimal point is added to the existing digit display before considering any 'real' decimal point, following. In the simulator, the battery low condition can be triggered by toggling the battery status using [Y], whilst in AUTH mode.\n\nAt this point we've covered almost everything necessary to make the display work. What remains is the processing for the minus signs generated by nibbles An[13] and An[2]. The patent documentation is a bit cryptic about this. The relevant statement is: 'A minus sign is represented in tens complement notation or sign and magnitude notation by the digit 9 in the sign location. However, the display must show only a minus sign (i.e. segment g). The digit 9 in register A in digit position 2 (exponent sign) or position 13 (mantissa sign) must be displayed as minus. The decoding circuitry uses the pulse on I_S buss 28 at time b11 to know that the digit 9 in digit position 2 of register A should be a minus and uses the SYNC pulse to know that the digit 9 in digit position 13 of register A should also be a minus.' This is all well and good, but the two pulses mentioned don't coincide with the steps in which the processing of the sign would need to be done, and in the case of SYNC, its high state covers the processing of multiple nibbles. Here's an updated version of our earlier loop diagram:\n\n            T4 T1 T2 T3 T4 T1 T2 T3 T4 T1 T2 T3 T4 T1 T2 T3 T4 T1 T2 T3 T4 T1 T2 T3 T4 T1\ngetting b   44 45 46 47 48 49 50 51 52 53 54 55 0  1  2  3  4  5  6  7  8  9  10 11 12 13\n        n   11 11 11 11 12 12 12 12 13 13 13 13 0  0  0  0  1  1  1  1  2  2  2  2  3  4\npreparing   10    dp    11    dp    12    dp    13    dp    0     dp    1     dp    2\ndisplaying  dp 10 10 10 dp 11 11 11 dp 12 12 12 dp 13 13 13 dp 0  0  0  dp 1  1  1  dp 2\nSTART high                                      **\nSYNC high      ** ** ** ** ** ** ** ** ** **\nI_S high                                                                         **\n\nThere are a number of ways to create the behaviour required of the sign logic, but they\nall have knock-on effects on other areas of the display decoding, including digit and display blanking, and the decimal point logic. It's also trickier to implement the necessary logic when the only a 9 in An[13] or An[2] causes segment g to be lit, rather than 9 or other numbers which contain similar bit patterns, or which activate similar data lines. Finally, it's hard to test how the real calculators behave, as in normal operation the HP-35 and HP-45 only have 9s or 0s in the sign positions of register A when the display is enabled. The HP-80 has other numbers in those positions during calculations, when they may appear on 'garbage' screens, and it may be that these also cause a sign to be displayed, or light extraneous segments of the display in addition to the minus sign. However, I don't have access to a real HP-80. So, taking the patent at face value, AUTH mode (and FAST mode, through different coding), requires a 9 in An[13]/An[2] for a minus sign to be shown. The minus sign position will be unlit if Bn[13]/Bn[2] contains 8 or 9, or if the display is not enabled, or if An[13]/An[2] is not 9. This involves setting a sign flag corresponding to the rising edge of the START pulse or falling edge of the I_S pulse, at the start of T4. The START pulse is used since it occurs at the right time, rather than the SYNC pulse: an additional flag could be created to carry the falling edge of the SYNC pulse forward a step to T4, if preferred). A* is ORed with this flag during its copying to A' so that if the sign flag is true A' will contain [1,1,1,1] causing no segments to light. Still in T4, the sign flag is ANDed with itself, Ar[52], Ar[55], NOT B' and the display enabled flag. This means the sign flag will remain high if we're at a sign digit, it's A nibble value is 9, it's not unlit because of a 9 in B, and it's not unlit because the display is not enabled. The sign flag persists through the following T1-T3, during which normal segment lighting has no effect (because A' contains [1,1,1,1]), but an additional condition during T1 lights segment g, via data line E, if the sign flag is high. The next occurence of T4 will set the sign flag low as the rising/falling edge conditions are no longer satisfied. I suspect that the real logic is simpler, and results in effects during 'garbage' displays which are not described in the patent.\n\nIn the calculators themselves, the data lines activated during T1-T4 light their associated segments at that time. The simulator has been written to separate the calculator code from the simulator interface code, so that a very short (a few lines of code) application can instantiate a calculator from a preference file and allow the user to interact with it. Therefore, each of the display modes consists of a method which returns a value to whatever simulator interface code has called it. The FAST and APPROX modes return simple strings which contain the display contents. The AUTH mode returns an array of segment arrays, one segment array per digit, with each segment array containing 8 binary digits to show which segments are on or off. The digits are decoded in the correct order, mantissa sign, then proceeding from the right of the display to the left. The strings returned by FAST and APPROX modes are first converted to a digit/segment array and then processed.\n\nThanks are due to teenix, from the Museum of HP Calculators forums, for his patience and conversation as I worked through the intricacies of display decoding. If you'd like to read more about the subject, and see traces of the logic occurring in real calculators, you should visit his site at teenix.org and look at his 'Notes on the Classic Calculators' (and much, much more)."
    },
    "Calculator-ROM\nInformation": {
        "main": "",
        "more": ""
    },
    "About": {
        "main": "HP-1973 (A 50th Anniversary Electronic Slide Rule)\n\nAuthor          Sarah Libman\nWebsite         sarahkmarr.com\n\nCode Version    cvnnnn\n\n\nNotes\n\nHP-1973 is coded in Python and requires at least version 3.10.10 to run. The code separates the calculator simulator from the simulator GUI. This results in some code repetition, but enables others to instantiate and run a calculator (i.e. an interactive display, without error-blinking or working timer functions) in about 20 lines of code. The source code includes this minimal implementation in comments at the end of the listing.\n\nCalculator definitions, simulator preferences and help text are contained in external files, which should be kept in the same directory as the executable. Additional ROMs for the supported calculators can be added without the need to make any changes to code, or standalone executables.\n\nFor MacOS, the standalone executable has been created using Nuitka. For Windows, the standalone executable is based on Python's embeddable distribution, to which numpy and tk-inter have been added. For Linux and FreeBSD, the Python source can be run in a Python 3.10.10+ environment which includes numpy and tk-inter.\n\nHave fun.\n\n\nChange Log\n\nv1.00.00        initial public release\nv1.00.01        amend HP1973.py so FreeBSD uses linux preference file\n                update README_first.txt and hp1973_help.json",
        "more": ""
    }
}




